Pclass,Name_ Capt,Name_ Col,Name_ Don,Name_ Dr,Name_ Jonkheer,Name_ Lady,Name_ Major,Name_ Master,Name_ Miss,Name_ Mlle,Name_ Mme,Name_ Mr,Name_ Mrs,Name_ Ms,Name_ Rev,Name_ Sir,Name_ the Countess,Embarked_C,Embarked_Q,Embarked_S,Survived,Sex,Age,SibSp,Parch,Fare
3,0,0,0,0,0,0,0,0,0,0,0,1,0,0,0,0,0,0,0,1,0,1,0.26975,0.125,0.0,0.014151057562208049
1,0,0,0,0,0,0,0,0,0,0,0,0,1,0,0,0,0,1,0,0,1,0,0.46975,0.125,0.0,0.13913573538264068
3,0,0,0,0,0,0,0,0,1,0,0,0,0,0,0,0,0,0,0,1,1,0,0.31975,0.0,0.0,0.015468569817999833
1,0,0,0,0,0,0,0,0,0,0,0,0,1,0,0,0,0,0,0,1,1,0,0.43224999999999997,0.125,0.0,0.10364429745562033
3,0,0,0,0,0,0,0,0,0,0,0,1,0,0,0,0,0,0,0,1,0,1,0.43224999999999997,0.0,0.0,0.015712553569072387
3,0,0,0,0,0,0,0,0,0,0,0,1,0,0,0,0,0,0,1,0,0,1,0.2922411616161616,0.0,0.0,0.01650950209357577
1,0,0,0,0,0,0,0,0,0,0,0,1,0,0,0,0,0,0,0,1,0,1,0.66975,0.0,0.0,0.10122885832000206
3,0,0,0,0,0,0,0,1,0,0,0,0,0,0,0,0,0,0,0,1,0,1,0.01975,0.375,0.16666666666666666,0.04113566043083236
3,0,0,0,0,0,0,0,0,0,0,0,0,1,0,0,0,0,0,0,1,1,0,0.33225,0.0,0.3333333333333333,0.021730754366528396
2,0,0,0,0,0,0,0,0,0,0,0,0,1,0,0,0,0,1,0,0,1,0,0.16975,0.125,0.0,0.058694292654020104
3,0,0,0,0,0,0,0,0,1,0,0,0,0,0,0,0,0,0,0,1,1,0,0.04475,0.125,0.16666666666666666,0.03259622914329302
1,0,0,0,0,0,0,0,0,1,0,0,0,0,0,0,0,0,0,0,1,1,0,0.71975,0.0,0.0,0.051822148727810165
3,0,0,0,0,0,0,0,0,0,0,0,1,0,0,0,0,0,0,0,1,0,1,0.24474999999999997,0.0,0.0,0.015712553569072387
3,0,0,0,0,0,0,0,0,0,0,0,1,0,0,0,0,0,0,0,1,0,1,0.48224999999999996,0.125,0.8333333333333334,0.06104473451835265
3,0,0,0,0,0,0,0,0,1,0,0,0,0,0,0,0,0,0,0,1,0,0,0.16975,0.0,0.0,0.015330377421392339
2,0,0,0,0,0,0,0,0,0,0,0,0,1,0,0,0,0,0,0,1,1,0,0.68225,0.0,0.0,0.03122992013728673
3,0,0,0,0,0,0,0,1,0,0,0,0,0,0,0,0,0,0,1,0,0,1,0.01975,0.5,0.16666666666666666,0.056848213999904744
2,0,0,0,0,0,0,0,0,0,0,0,1,0,0,0,0,0,0,0,1,1,1,0.2922411616161616,0.0,0.0,0.025374310111545468
3,0,0,0,0,0,0,0,0,0,0,0,0,1,0,0,0,0,0,0,1,0,0,0.38225,0.125,0.0,0.03513366015444757
3,0,0,0,0,0,0,0,0,0,0,0,0,1,0,0,0,0,1,0,0,1,0,0.2922411616161616,0.0,0.0,0.014102260811993537
2,0,0,0,0,0,0,0,0,0,0,0,1,0,0,0,0,0,0,0,1,0,1,0.43224999999999997,0.0,0.0,0.050748620223090936
2,0,0,0,0,0,0,0,0,0,0,0,1,0,0,0,0,0,0,0,1,1,1,0.41974999999999996,0.0,0.0,0.025374310111545468
3,0,0,0,0,0,0,0,0,1,0,0,0,0,0,0,0,0,0,1,0,1,0,0.18225,0.0,0.0,0.015671954672893913
1,0,0,0,0,0,0,0,0,0,0,0,1,0,0,0,0,0,0,0,1,1,1,0.34475,0.0,0.0,0.06929138530460492
3,0,0,0,0,0,0,0,0,1,0,0,0,0,0,0,0,0,0,0,1,0,0,0.09475,0.375,0.16666666666666666,0.04113566043083236
3,0,0,0,0,0,0,0,0,0,0,0,0,1,0,0,0,0,0,0,1,1,0,0.46975,0.125,0.8333333333333334,0.061264319894317944
3,0,0,0,0,0,0,0,0,0,0,0,1,0,0,0,0,0,1,0,0,0,1,0.2922411616161616,0.0,0.0,0.014102260811993537
1,0,0,0,0,0,0,0,0,0,0,0,1,0,0,0,0,0,0,0,1,0,1,0.23224999999999998,0.375,0.3333333333333333,0.5133418122566505
3,0,0,0,0,0,0,0,0,1,0,0,0,0,0,0,0,0,0,1,0,1,0,0.2922411616161616,0.0,0.0,0.01537917417160685
3,0,0,0,0,0,0,0,0,0,0,0,1,0,0,0,0,0,0,0,1,0,1,0.2922411616161616,0.0,0.0,0.015411575213749284
1,0,0,1,0,0,0,0,0,0,0,0,0,0,0,0,0,0,1,0,0,0,1,0.49474999999999997,0.0,0.0,0.05410739813385612
1,0,0,0,0,0,0,0,0,0,0,0,0,1,0,0,0,0,1,0,0,1,0,0.2922411616161616,0.125,0.0,0.2859895551532101
3,0,0,0,0,0,0,0,0,1,0,0,0,0,0,0,0,0,0,1,0,1,0,0.2922411616161616,0.0,0.0,0.015126992566498259
2,0,0,0,0,0,0,0,0,0,0,0,1,0,0,0,0,0,0,0,1,0,1,0.81975,0.0,0.0,0.020494635090094415
1,0,0,0,0,0,0,0,0,0,0,0,1,0,0,0,0,0,1,0,0,0,1,0.34475,0.125,0.0,0.16038672010106
1,0,0,0,0,0,0,0,0,0,0,0,1,0,0,0,0,0,0,0,1,0,1,0.5197499999999999,0.125,0.0,0.10149724044618187
3,0,0,0,0,0,0,0,0,0,0,0,1,0,0,0,0,0,1,0,0,1,1,0.2922411616161616,0.0,0.0,0.014110458666029575
3,0,0,0,0,0,0,0,0,0,0,0,1,0,0,0,0,0,0,0,1,0,1,0.25725,0.0,0.0,0.015712553569072387
3,0,0,0,0,0,0,0,0,1,0,0,0,0,0,0,0,0,0,0,1,0,0,0.21974999999999997,0.25,0.0,0.03513366015444757
3,0,0,0,0,0,0,0,0,1,0,0,0,0,0,0,0,0,1,0,0,1,0,0.16975,0.125,0.0,0.021942337075458514
3,0,0,0,0,0,0,0,0,0,0,0,0,1,0,0,0,0,0,0,1,0,0,0.49474999999999997,0.125,0.0,0.018493968331299484
2,0,0,0,0,0,0,0,0,0,0,0,0,1,0,0,0,0,0,0,1,0,0,0.33225,0.125,0.0,0.04098927018018883
3,0,0,0,0,0,0,0,0,0,0,0,1,0,0,0,0,0,1,0,0,0,1,0.2922411616161616,0.0,0.0,0.015411575213749284
2,0,0,0,0,0,0,0,0,1,0,0,0,0,0,0,0,0,1,0,0,1,0,0.03225,0.125,0.3333333333333333,0.08115719346076702
3,0,0,0,0,0,0,0,0,1,0,0,0,0,0,0,0,0,0,1,0,1,0,0.23224999999999998,0.0,0.0,0.01537917417160685
3,0,0,0,0,0,0,0,0,0,0,0,1,0,0,0,0,0,0,0,1,0,1,0.2922411616161616,0.0,0.0,0.015712553569072387
3,0,0,0,0,0,0,0,0,0,0,0,1,0,0,0,0,0,0,1,0,0,1,0.2922411616161616,0.125,0.0,0.030253985132996517
3,0,0,0,0,0,0,0,0,1,0,0,0,0,0,0,0,0,0,1,0,1,0,0.2922411616161616,0.0,0.0,0.015126992566498259
3,0,0,0,0,0,0,0,0,0,0,0,1,0,0,0,0,0,1,0,0,0,1,0.2922411616161616,0.25,0.0,0.04231498029001666
3,0,0,0,0,0,0,0,0,0,0,0,0,1,0,0,0,0,0,0,1,0,0,0.21974999999999997,0.125,0.0,0.034743286152731485
3,0,0,0,0,0,0,0,1,0,0,0,0,0,0,0,0,0,0,0,1,0,1,0.08225,0.5,0.16666666666666666,0.07746484096553544
3,0,0,0,0,0,0,0,0,0,0,0,1,0,0,0,0,0,0,0,1,0,1,0.25725,0.0,0.0,0.01522458606692728
1,0,0,0,0,0,0,0,0,0,0,0,0,1,0,0,0,0,1,0,0,1,0,0.60725,0.125,0.0,0.1497654242623688
2,0,0,0,0,0,0,0,0,0,0,0,0,1,0,0,0,0,0,0,1,1,0,0.35724999999999996,0.125,0.0,0.050748620223090936
1,0,0,0,0,0,0,0,0,0,0,0,1,0,0,0,0,0,1,0,0,0,1,0.80725,0.0,0.16666666666666666,0.1209753416358076
1,0,0,0,0,0,0,0,0,0,0,0,1,0,0,0,0,0,0,0,1,1,1,0.2922411616161616,0.0,0.0,0.06929138530460492
2,0,0,0,0,0,0,0,0,1,0,0,0,0,0,0,0,0,0,0,1,1,0,0.25725,0.0,0.0,0.020494635090094415
3,0,0,0,0,0,0,0,0,0,0,0,1,0,0,0,0,0,1,0,0,0,1,0.351,0.0,0.0,0.014110458666029575
2,0,0,0,0,0,0,0,0,1,0,0,0,0,0,0,0,0,0,0,1,1,0,0.05725,0.125,0.3333333333333333,0.05416439273810667
3,0,0,0,0,0,0,0,1,0,0,0,0,0,0,0,0,0,0,0,1,0,1,0.13225,0.625,0.3333333333333333,0.09154270340242172
3,0,0,0,0,0,0,0,0,0,0,0,1,0,0,0,0,0,1,0,0,0,1,0.26975,0.0,0.0,0.014110458666029575
1,0,0,0,0,0,0,0,0,1,0,0,0,0,0,0,0,0,1,0,0,1,0,0.46975,0.0,0.0,0.15614960068643363
1,0,0,0,0,0,0,0,0,0,0,0,1,0,0,0,0,0,0,0,1,0,1,0.55725,0.125,0.0,0.16293234896625058
3,0,0,0,0,0,0,0,1,0,0,0,0,0,0,0,0,0,0,0,1,0,1,0.04475,0.375,0.3333333333333333,0.05445717323939373
1,0,0,0,0,0,0,0,0,0,0,0,1,0,0,0,0,0,1,0,0,0,1,0.2922411616161616,0.0,0.0,0.05410739813385612
3,0,0,0,0,0,0,0,1,0,0,0,0,0,0,0,0,0,1,0,0,1,1,0.2922411616161616,0.125,0.16666666666666666,0.029757819776815374
2,0,0,0,0,0,0,0,0,0,0,0,0,1,0,0,0,0,0,0,1,1,0,0.35724999999999996,0.0,0.0,0.020494635090094415
3,0,0,0,0,0,0,0,0,0,0,0,1,0,0,0,0,0,0,0,1,0,1,0.23224999999999998,0.0,0.0,0.015923941091001644
3,0,0,0,0,0,0,0,0,1,0,0,0,0,0,0,0,0,0,0,1,1,0,0.20725,0.5,0.3333333333333333,0.015468569817999833
3,0,0,0,0,0,0,0,0,0,0,0,1,0,0,0,0,0,0,0,1,0,1,0.31975,0.25,0.0,0.016908073949327893
2,0,0,0,0,0,0,0,0,0,0,0,1,0,0,0,0,0,0,0,1,0,1,0.39475,0.0,0.0,0.020494635090094415
3,0,0,0,0,0,0,0,0,1,0,0,0,0,0,0,0,0,0,0,1,0,0,0.19475,0.625,0.3333333333333333,0.09154270340242172
2,0,0,0,0,0,0,0,0,0,0,0,1,0,0,0,0,0,0,0,1,0,1,0.25725,0.0,0.0,0.1434624456306609
3,0,0,0,0,0,0,0,0,0,0,0,1,0,0,0,0,0,1,0,0,0,1,0.31975,0.125,0.0,0.028212719478023115
3,0,0,0,0,0,0,0,0,0,0,0,1,0,0,0,0,0,0,0,1,1,1,0.39475,0.0,0.0,0.11027245763075773
3,0,0,0,0,0,0,0,0,0,0,0,1,0,0,0,0,0,0,0,1,0,1,0.30724999999999997,0.0,0.0,0.014931805565640218
3,0,0,0,0,0,0,0,0,0,0,0,1,0,0,0,0,0,0,0,1,0,1,0.2922411616161616,0.0,0.0,0.015411575213749284
3,0,0,0,0,0,0,0,0,0,0,0,1,0,0,0,0,0,0,0,1,0,1,0.2922411616161616,0.0,0.0,0.015712553569072387
2,0,0,0,0,0,0,0,1,0,0,0,0,0,0,0,0,0,0,0,1,1,1,0.005124999999999999,0.0,0.3333333333333333,0.056604230248832196
3,0,0,0,0,0,0,0,0,1,0,0,0,0,0,0,0,0,0,0,1,1,0,0.36974999999999997,0.0,0.0,0.024349578357040744
3,0,0,0,0,0,0,0,0,0,0,0,1,0,0,0,0,0,0,0,1,0,1,0.26975,0.0,0.0,0.017566830077223785
3,0,0,0,0,0,0,0,0,0,0,0,1,0,0,0,0,0,0,0,1,1,1,0.35724999999999996,0.0,0.0,0.018542765081513996
3,0,0,0,0,0,0,0,0,1,0,0,0,0,0,0,0,0,0,1,0,1,0,0.2922411616161616,0.0,0.0,0.015200187691820024
1,0,0,0,0,0,0,0,0,0,0,0,1,0,0,0,0,0,0,0,1,0,1,0.34475,0.0,0.0,0.09193307740413781
2,0,0,0,0,0,0,0,0,1,0,0,0,0,0,0,0,0,0,0,1,1,0,0.20725,0.0,0.0,0.020494635090094415
3,0,0,0,0,0,0,0,0,0,0,0,0,1,0,0,0,0,0,0,1,1,0,0.40725,0.375,0.0,0.030937139635999665
3,0,0,0,0,0,0,0,0,0,0,0,1,0,0,0,0,0,0,0,1,0,1,0.19475,0.125,0.5,0.06709553154495196
3,0,0,0,0,0,0,0,0,0,0,0,1,0,0,0,0,0,0,0,1,0,1,0.2922411616161616,0.0,0.0,0.015712553569072387
1,0,0,0,0,0,0,0,0,1,0,0,0,0,0,0,0,0,0,0,1,1,0,0.28225,0.375,0.3333333333333333,0.5133418122566505
3,0,0,0,0,0,0,0,0,0,0,0,1,0,0,0,0,0,0,0,1,0,1,0.29474999999999996,0.0,0.0,0.015712553569072387
3,0,0,0,0,0,0,0,0,0,0,0,1,0,0,0,0,0,0,0,1,0,1,0.35724999999999996,0.0,0.0,0.015712553569072387
3,0,0,0,0,0,0,0,0,0,0,0,1,0,0,0,0,0,0,0,1,0,1,0.24474999999999997,0.0,0.0,0.015330377421392339
1,0,0,0,0,0,0,0,0,0,0,0,1,0,0,0,0,0,0,0,1,0,1,0.56975,0.125,0.0,0.11940564777490723
3,0,0,0,0,0,0,0,0,0,0,0,1,0,0,0,0,0,0,0,1,0,1,0.31975,0.125,0.3333333333333333,0.04015972542654215
3,0,0,0,0,0,0,0,0,0,0,0,1,0,0,0,0,0,0,0,1,0,1,0.73225,0.0,0.0,0.014151057562208049
3,0,0,0,0,0,0,0,0,0,0,0,1,0,0,0,0,0,0,0,1,0,1,0.2922411616161616,0.0,0.0,0.015712553569072387
1,0,0,0,0,0,0,0,0,0,0,0,1,0,0,0,0,0,1,0,0,0,1,0.88225,0.0,0.0,0.06764049365134761
1,0,0,0,0,0,0,0,0,0,0,0,1,0,0,0,0,0,1,0,0,1,1,0.28225,0.0,0.16666666666666666,0.12366716556464086
2,0,0,0,0,0,0,0,0,0,0,0,0,1,0,0,0,0,0,0,1,1,0,0.41974999999999996,0.0,0.16666666666666666,0.04489301019734967
2,0,0,0,0,0,0,0,0,0,0,0,1,0,0,0,0,0,0,0,1,0,1,0.41974999999999996,0.125,0.0,0.050748620223090936
3,0,0,0,0,0,0,0,0,1,0,0,0,0,0,0,0,0,0,0,1,0,0,0.34475,0.0,0.0,0.015411575213749284
3,0,0,0,0,0,0,0,0,0,0,0,1,0,0,0,0,0,0,0,1,0,1,0.2922411616161616,0.0,0.0,0.015411575213749284
1,0,0,0,0,0,0,0,0,0,0,0,1,0,0,0,0,0,0,0,1,0,1,0.25725,0.0,0.16666666666666666,0.15085515328815924
3,0,0,0,0,0,0,0,0,0,0,0,1,0,0,0,0,0,0,0,1,0,1,0.40725,0.0,0.0,0.016891873428256675
3,0,0,0,0,0,0,0,0,0,0,0,1,0,0,0,0,0,0,0,1,0,1,0.45725,0.25,0.0,0.015468569817999833
3,0,0,0,0,0,0,0,0,0,0,0,1,0,0,0,0,0,0,0,1,0,1,0.34475,0.0,0.0,0.015411575213749284
3,0,0,0,0,0,0,0,0,1,0,0,0,0,0,0,0,0,0,0,1,1,0,0.25725,0.0,0.0,0.014931805565640218
3,0,0,0,0,0,0,0,0,0,0,0,1,0,0,0,0,0,0,0,1,1,1,0.2922411616161616,0.0,0.0,0.015175789316712771
3,0,0,0,0,0,0,0,0,0,0,0,1,0,0,0,0,0,0,0,1,0,1,0.46975,0.0,0.0,0.015411575213749284
3,0,0,0,0,0,0,0,0,1,0,0,0,0,0,0,0,0,0,1,0,1,0,0.2922411616161616,0.125,0.0,0.04713766070721715
1,0,0,0,0,0,0,0,0,0,0,0,1,0,0,0,0,0,0,0,1,0,1,0.5822499999999999,0.0,0.0,0.10149724044618187
3,0,0,0,0,0,0,0,0,1,0,0,0,0,0,0,0,0,1,0,0,0,0,0.176,0.125,0.0,0.028212719478023115
3,0,0,0,0,0,0,0,0,0,0,0,1,0,0,0,0,0,0,0,1,0,1,0.26975,0.0,0.0,0.015712553569072387
3,0,0,0,0,0,0,0,0,1,0,0,0,0,0,0,0,0,0,0,1,0,0,0.24474999999999997,0.125,0.0,0.019177122834302632
3,0,0,0,0,0,0,0,0,1,0,0,0,0,0,0,0,0,1,0,0,0,0,0.20725,0.0,0.0,0.028220722145058292
3,0,0,0,0,0,0,0,0,0,0,0,1,0,0,0,0,0,0,0,1,0,1,0.25725,0.0,0.0,0.015468569817999833
3,0,0,0,0,0,0,0,0,0,0,0,1,0,0,0,0,0,0,1,0,0,1,0.876,0.0,0.0,0.015126992566498259
2,0,0,0,0,0,0,0,0,0,0,0,1,0,0,0,0,0,0,0,1,0,1,0.35724999999999996,0.125,0.0,0.04098927018018883
1,0,0,0,0,0,0,0,0,0,0,0,1,0,0,0,0,0,1,0,0,0,1,0.29474999999999996,0.0,0.16666666666666666,0.4831284260198326
3,0,0,0,0,0,0,0,0,1,0,0,0,0,0,0,0,0,0,0,1,0,0,0.01975,0.5,0.3333333333333333,0.06104473451835265
2,0,0,0,0,0,0,0,0,0,0,0,1,0,0,0,0,0,0,0,1,0,1,0.25725,0.25,0.0,0.1434624456306609
3,0,0,0,0,0,0,0,0,0,0,0,1,0,0,0,0,0,0,0,1,0,1,0.2922411616161616,0.0,0.0,0.015712553569072387
2,0,0,0,0,0,0,0,0,0,0,0,1,0,0,0,0,0,1,0,0,0,1,0.40099999999999997,0.125,0.0,0.058694292654020104
2,0,0,0,0,0,0,0,0,1,0,0,0,0,0,0,0,0,0,0,1,1,0,0.40099999999999997,0.0,0.0,0.025374310111545468
1,0,0,0,0,0,0,0,0,0,0,0,1,0,0,0,0,0,0,0,1,0,1,0.66975,0.0,0.16666666666666666,0.15085515328815924
3,0,0,0,0,0,0,0,1,0,0,0,0,0,0,0,0,0,1,0,0,1,1,0.14475,0.125,0.0,0.021942337075458514
3,0,0,0,0,0,0,0,0,0,0,0,1,0,0,0,0,0,0,1,0,0,1,0.2922411616161616,0.0,0.0,0.015126992566498259
3,0,0,0,0,0,0,0,0,0,0,0,1,0,0,0,0,0,0,0,1,1,1,0.29474999999999996,0.0,0.0,0.01393967004027879
3,0,0,0,0,0,0,0,0,1,0,0,0,0,0,0,0,0,1,0,0,1,0,0.2922411616161616,0.125,0.16666666666666666,0.04364049521284361
3,0,0,0,0,0,0,0,0,0,0,0,1,0,0,0,0,0,0,0,1,0,1,0.55725,0.0,0.0,0.013614293309848433
3,0,0,0,0,0,0,0,0,0,0,0,1,0,0,0,0,0,1,0,0,0,1,0.40725,0.0,0.0,0.015411575213749284
3,0,0,0,0,0,0,0,0,0,0,0,1,0,0,0,0,0,0,0,1,0,1,0.24474999999999997,0.0,0.0,0.013760683560491965
3,0,0,0,0,0,0,0,0,0,0,0,0,1,0,0,0,0,0,0,1,0,0,0.5822499999999999,0.125,0.0,0.028302115124416098
2,0,0,0,0,0,0,0,0,0,0,0,0,1,0,0,0,0,0,0,1,1,0,0.35724999999999996,0.125,0.0,0.050748620223090936
2,0,0,0,0,0,0,0,0,0,0,0,1,0,0,0,0,0,0,0,1,0,1,0.30724999999999997,0.0,0.0,0.025374310111545468
2,0,0,0,0,0,0,0,0,0,0,0,1,0,0,0,0,0,1,0,0,0,1,0.28225,0.0,0.0,0.02936744577509929
1,0,0,0,0,0,0,0,0,1,0,0,0,0,0,0,0,0,0,0,1,1,0,0.23224999999999998,0.0,0.3333333333333333,0.051301584996521765
1,0,0,0,0,0,0,0,0,0,0,0,1,0,0,0,0,0,0,0,1,0,1,0.45725,0.125,0.0,0.10364429745562033
3,0,0,0,0,0,0,0,0,0,0,0,1,0,0,0,0,0,0,0,1,0,1,0.19475,0.0,0.0,0.01798980030808316
1,0,0,0,0,0,0,0,0,0,0,0,1,0,0,0,0,0,1,0,0,0,1,0.29474999999999996,0.0,0.0,0.15458810467956932
3,0,0,0,0,0,0,0,0,0,0,0,0,1,0,0,0,0,1,0,0,0,0,0.2922411616161616,0.0,0.3333333333333333,0.029757819776815374
3,0,0,0,0,0,0,0,0,1,0,0,0,0,0,0,0,0,0,0,1,1,0,0.26975,0.0,0.0,0.015126992566498259
3,0,0,0,0,0,0,0,0,0,0,0,0,1,0,0,0,0,0,0,1,1,0,0.29474999999999996,0.125,0.0,0.030937139635999665
3,0,0,0,0,0,0,0,0,0,0,0,1,0,0,0,0,0,0,1,0,0,1,0.23224999999999998,0.0,0.0,0.013175122557917838
2,0,0,0,0,0,0,0,0,0,0,0,1,0,0,0,0,0,0,0,1,0,1,0.21974999999999997,0.0,0.0,0.022446505098674834
2,0,0,0,0,0,0,0,0,0,0,0,1,0,0,0,0,0,0,0,1,0,1,0.23224999999999998,0.125,0.16666666666666666,0.07173122281533045
3,0,0,0,0,0,0,0,0,0,0,0,1,0,0,0,0,0,0,0,1,1,1,0.33225,0.0,0.0,0.015216388212891242
3,0,0,0,0,0,0,0,0,1,0,0,0,0,0,0,0,0,0,0,1,0,0,0.10725,0.25,0.3333333333333333,0.06709553154495196
2,0,0,0,0,0,0,0,0,0,0,0,1,0,0,0,0,0,0,0,1,0,1,0.45099999999999996,0.0,0.3333333333333333,0.050748620223090936
2,0,0,0,0,0,0,0,0,0,0,0,0,0,0,1,0,0,0,0,1,0,1,0.5197499999999999,0.0,0.0,0.025374310111545468
2,0,0,0,0,0,0,0,0,0,0,0,0,0,0,1,0,0,0,0,1,0,1,0.63225,0.0,0.0,0.02444717185746977
1,0,0,0,0,0,0,0,0,0,0,0,0,1,0,0,0,0,0,0,1,1,0,0.26975,0.125,0.0,0.12999454257145598
3,0,0,0,0,0,0,0,0,0,0,0,1,0,0,0,0,0,0,0,1,0,1,0.6885,0.0,0.0,0.015712553569072387
3,0,0,0,0,0,0,0,0,0,0,0,1,0,0,0,0,0,0,0,1,0,1,0.501,0.0,0.3333333333333333,0.028302115124416098
3,0,0,0,0,0,0,0,0,0,0,0,1,0,0,0,0,0,0,0,1,0,1,0.2922411616161616,0.0,0.0,0.014273049437744325
1,0,0,0,0,0,0,0,0,0,0,0,1,0,0,0,0,0,1,0,0,0,1,0.63225,0.0,0.16666666666666666,0.11980421963065935
3,0,0,0,0,0,0,0,0,1,0,0,0,0,0,0,0,0,0,1,0,1,0,0.19475,0.0,0.0,0.015094396337354966
3,0,0,0,0,0,0,0,0,0,0,0,1,0,0,0,0,0,0,0,1,0,1,0.36974999999999997,0.0,0.0,0.015712553569072387
3,0,0,0,0,0,0,0,0,0,0,0,1,0,0,0,0,0,0,0,1,0,1,0.2922411616161616,0.0,0.0,0.016908073949327893
3,0,0,0,0,0,0,0,1,0,0,0,0,0,0,0,0,0,0,0,1,0,1,0.2922411616161616,1.0,0.3333333333333333,0.13575255909676823
3,0,0,0,0,0,0,0,0,0,0,0,1,0,0,0,0,0,0,0,1,0,1,0.54475,0.0,0.16666666666666666,0.031425107138144774
2,0,0,0,0,0,0,0,0,0,0,0,0,1,0,0,0,0,0,0,1,1,0,0.49474999999999997,0.0,0.0,0.030741952635141623
3,0,0,0,0,0,0,0,0,0,0,0,1,0,0,0,0,0,0,0,1,0,1,0.31975,0.0,0.0,0.015175789316712771
3,0,0,0,0,0,0,0,0,0,0,0,1,0,0,0,0,0,0,0,1,0,1,0.20725,0.0,0.0,0.016908073949327893
3,0,0,0,0,0,0,0,1,0,0,0,0,0,0,0,0,0,0,0,1,0,1,0.007250000000000001,0.5,0.16666666666666666,0.07746484096553544
3,0,0,0,0,0,0,0,1,0,0,0,0,0,0,0,0,0,0,0,1,1,1,0.10725,0.0,0.3333333333333333,0.04006213192611313
1,0,0,0,0,0,0,0,0,0,0,0,0,1,0,0,0,0,0,0,1,1,0,0.2922411616161616,0.0,0.16666666666666666,0.10735285047192313
3,0,0,0,0,0,0,0,0,0,0,0,0,1,0,0,0,0,0,0,1,0,0,0.55725,0.125,0.6666666666666666,0.05445717323939373
1,0,0,0,0,0,0,0,0,0,0,0,1,0,0,0,0,0,0,0,1,0,1,0.2922411616161616,0.0,0.0,0.050602229972447406
3,0,0,0,0,0,0,0,0,0,0,0,1,0,0,0,0,0,0,0,1,0,1,0.34475,0.0,0.0,0.11027245763075773
1,0,0,0,0,0,0,0,0,0,0,0,1,0,0,0,0,0,0,0,1,0,1,0.75725,0.0,0.0,0.06538764528744409
3,0,0,0,0,0,0,0,1,0,0,0,0,0,0,0,0,0,0,1,0,0,1,0.04475,0.5,0.16666666666666666,0.056848213999904744
3,0,0,0,0,0,0,0,0,1,0,0,0,0,0,0,0,0,0,0,1,1,0,0.007250000000000001,0.125,0.16666666666666666,0.021730754366528396
3,0,0,0,0,0,0,0,0,0,0,0,1,0,0,0,0,0,0,0,1,0,1,0.25725,0.0,0.0,0.015468569817999833
1,0,0,0,0,0,0,0,0,0,0,0,1,0,0,0,0,0,1,0,0,0,1,0.69475,0.0,0.0,0.05991421140938287
3,0,0,0,0,0,0,0,0,0,0,0,1,0,0,0,0,0,0,0,1,0,1,0.21974999999999997,0.125,0.16666666666666666,0.015330377421392339
3,0,0,0,0,0,0,0,1,0,0,0,0,0,0,0,0,0,0,0,1,0,1,0.2922411616161616,0.375,0.16666666666666666,0.04970768794751499
1,0,0,0,0,0,0,0,0,1,0,0,0,0,0,0,0,0,1,0,0,0,0,0.61975,0.0,0.0,0.05604306762136532
2,0,0,0,0,0,0,0,0,0,0,0,1,0,0,0,0,0,0,0,1,0,1,0.36974999999999997,0.0,0.0,0.025374310111545468
3,0,0,0,0,0,0,0,0,0,0,0,1,0,0,0,0,0,0,0,1,0,1,0.44475,0.0,0.0,0.0
3,0,0,0,0,0,0,0,0,1,0,0,0,0,0,0,0,0,0,0,1,0,0,0.2922411616161616,1.0,0.3333333333333333,0.13575255909676823
2,0,0,0,0,0,0,0,0,0,0,0,1,0,0,0,0,0,1,0,0,0,1,0.2922411616161616,0.0,0.0,0.02937564362913533
3,0,0,0,0,0,0,0,1,0,0,0,0,0,0,0,0,0,0,0,1,0,1,0.10725,0.5,0.3333333333333333,0.061264319894317944
2,0,0,0,0,0,0,0,1,0,0,0,0,0,0,0,0,0,0,0,1,1,1,0.007250000000000001,0.25,0.16666666666666666,0.0761229303346364
3,0,0,0,0,0,0,0,0,1,0,0,0,0,0,0,0,0,0,0,1,1,0,0.04475,0.0,0.3333333333333333,0.04298993693898376
1,0,0,0,0,0,0,0,0,0,0,0,1,0,0,0,0,0,0,0,1,0,1,0.2922411616161616,0.0,0.0,0.09759350042902103
3,0,0,0,0,0,0,0,0,0,0,0,0,1,0,0,0,0,0,1,0,1,0,0.2922411616161616,0.125,0.0,0.030253985132996517
1,0,0,0,0,0,0,0,0,0,0,0,1,0,0,0,0,0,0,0,1,1,1,0.55725,0.0,0.0,0.051822148727810165
3,0,0,0,0,0,0,0,0,0,0,0,1,0,0,0,0,0,0,1,0,0,1,0.49474999999999997,0.125,0.16666666666666666,0.030253985132996517
3,0,0,0,0,0,0,0,0,0,0,0,1,0,0,0,0,0,0,0,1,0,1,0.44475,0.0,0.0,0.015411575213749284
2,0,0,0,0,0,0,0,0,0,0,0,0,1,0,0,0,0,0,0,1,1,0,0.39475,0.0,0.0,0.025374310111545468
2,0,0,0,0,0,0,0,0,0,0,0,1,0,0,0,0,0,0,0,1,0,1,0.23224999999999998,0.0,0.0,0.025374310111545468
3,0,0,0,0,0,0,0,0,1,0,0,0,0,0,0,0,0,0,0,1,1,0,0.23224999999999998,0.125,0.0,0.015330377421392339
2,0,0,0,0,0,0,0,1,0,0,0,0,0,0,0,0,0,0,0,1,1,1,0.03225,0.125,0.16666666666666666,0.050748620223090936
1,0,0,0,0,0,0,0,0,0,0,0,0,1,0,0,0,0,1,0,0,1,0,0.54475,0.0,0.0,0.05410739813385612
1,0,0,0,0,0,0,0,0,1,0,0,0,0,0,0,0,0,1,0,0,1,0,0.71975,0.0,0.0,0.2859895551532101
3,0,0,0,0,0,0,0,0,0,0,0,1,0,0,0,0,0,0,1,0,0,1,0.2922411616161616,0.0,0.0,0.015126992566498259
3,0,0,0,0,0,0,0,0,0,0,0,1,0,0,0,0,0,0,0,1,0,1,0.5197499999999999,0.0,0.16666666666666666,0.01640390592611157
3,0,0,0,0,0,0,0,0,1,0,0,0,0,0,0,0,0,0,1,0,1,0,0.2922411616161616,0.0,0.0,0.015126992566498259
2,0,0,0,0,0,0,0,0,1,0,0,0,0,0,0,0,0,0,0,1,0,0,0.29474999999999996,0.0,0.0,0.025374310111545468
3,0,0,0,0,0,0,0,0,0,0,0,1,0,0,0,0,0,0,0,1,0,1,0.34475,0.0,0.0,0.018542765081513996
3,0,0,0,0,0,0,0,0,0,0,0,1,0,0,0,0,0,0,0,1,0,1,0.2922411616161616,1.0,0.3333333333333333,0.13575255909676823
3,0,0,0,0,0,0,0,0,0,0,0,1,0,0,0,0,0,0,0,1,0,1,0.41974999999999996,0.0,0.0,0.012678957201736696
3,0,0,0,0,0,0,0,0,0,0,0,1,0,0,0,0,0,1,0,0,0,1,0.5635,0.0,0.0,0.014102260811993537
3,0,0,0,0,0,0,0,0,0,0,0,1,0,0,0,0,0,0,0,1,1,1,0.21974999999999997,0.0,0.0,0.015712553569072387
3,0,0,0,0,0,0,0,0,1,0,0,0,0,0,0,0,0,0,0,1,0,0,0.01975,0.0,0.16666666666666666,0.02042143996477265
3,0,0,0,0,0,0,0,0,0,0,0,1,0,0,0,0,0,0,0,1,0,1,0.39475,0.125,0.0,0.030937139635999665
3,0,0,0,0,0,0,0,0,0,0,0,1,0,0,0,0,0,1,0,0,1,1,0.31975,0.0,0.0,0.036670757786204655
3,0,0,0,0,0,0,0,0,1,0,0,0,0,0,0,0,0,0,1,0,1,0,0.19475,0.0,0.0,0.015126992566498259
1,0,0,0,0,0,0,0,0,0,0,0,1,0,0,0,0,0,1,0,0,1,1,0.49474999999999997,0.0,0.0,0.060507970265993034
3,0,0,0,0,0,0,0,0,0,0,0,1,0,0,0,0,0,0,0,1,0,1,0.29474999999999996,0.0,0.0,0.013760683560491965
2,0,0,0,0,0,0,0,0,1,0,0,0,0,0,0,0,0,0,0,1,1,0,0.43224999999999997,0.0,0.0,0.04098927018018883
3,0,0,0,0,0,0,0,0,0,0,0,1,0,0,0,0,0,0,0,1,0,1,0.26975,0.0,0.0,0.014151057562208049
2,0,0,0,0,0,0,0,0,0,0,0,1,0,0,0,0,0,0,0,1,0,1,0.36974999999999997,0.0,0.0,0.025374310111545468
3,0,0,0,0,0,0,0,0,0,0,0,1,0,0,0,0,0,0,1,0,0,1,0.2922411616161616,0.125,0.0,0.015126992566498259
1,0,0,0,0,0,0,0,0,1,0,0,0,0,0,0,0,0,1,0,0,1,0,0.38225,0.125,0.0,0.22109807522194713
3,0,0,0,0,0,0,0,0,1,0,0,0,0,0,0,0,0,0,0,1,1,0,0.33225,0.0,0.0,0.015468569817999833
2,0,0,0,0,0,0,0,0,0,0,0,1,0,0,0,0,0,0,0,1,0,1,0.5197499999999999,0.125,0.0,0.05270049023167135
1,0,0,0,0,0,0,0,0,1,0,0,0,0,0,0,0,0,1,0,0,1,0,0.39475,0.0,0.0,0.14891148113361488
2,0,0,0,0,0,0,0,0,0,0,0,1,0,0,0,0,0,0,0,1,0,1,0.36974999999999997,0.0,0.0,0.020494635090094415
3,0,0,0,0,0,0,0,0,0,0,0,1,0,0,0,0,0,0,0,1,1,1,0.19475,0.0,0.0,0.015712553569072387
2,0,0,0,0,0,0,0,0,0,0,0,1,0,0,0,0,0,0,0,1,0,1,0.33225,0.0,0.0,0.025374310111545468
3,0,0,0,0,0,0,0,0,0,0,0,1,0,0,0,0,0,0,0,1,0,1,0.63225,0.0,0.0,0.015712553569072387
3,0,0,0,0,0,0,0,0,0,0,0,1,0,0,0,0,0,0,0,1,0,1,0.2922411616161616,0.0,0.0,0.015411575213749284
1,0,0,0,0,0,0,0,0,0,0,0,1,0,0,0,0,0,0,0,1,1,1,0.46975,0.125,0.0,0.17566830077223786
3,0,0,0,0,0,0,0,0,0,0,0,1,0,0,0,0,0,0,0,1,0,1,0.26975,0.0,0.0,0.01824998458022693
2,0,0,0,0,0,0,0,0,0,0,0,1,0,0,0,0,0,0,0,1,1,1,0.23224999999999998,0.0,0.0,0.020494635090094415
3,0,0,0,0,0,0,0,0,0,0,0,1,0,0,0,0,0,0,0,1,0,1,0.251,0.0,0.0,0.014151057562208049
2,0,0,0,0,0,0,0,0,0,0,0,1,0,0,0,0,0,0,0,1,0,1,0.21974999999999997,0.0,0.0,0.025374310111545468
3,0,0,0,0,0,0,0,0,1,0,0,0,0,0,0,0,0,0,0,1,0,0,0.2922411616161616,0.375,0.16666666666666666,0.04970768794751499
1,0,0,0,0,0,0,0,0,0,0,0,0,1,0,0,0,0,0,0,1,1,0,0.43224999999999997,0.125,0.0,0.16293234896625058
3,0,0,0,0,0,0,0,0,0,0,0,1,0,0,0,0,0,0,0,1,0,1,0.35724999999999996,0.0,0.0,0.015175789316712771
2,0,0,0,0,0,0,0,0,0,0,0,1,0,0,0,0,0,0,0,1,0,1,0.73225,0.0,0.0,0.026350245115835676
3,0,0,0,0,0,0,0,0,1,0,0,0,0,0,0,0,0,0,0,1,1,0,0.05725,0.5,0.3333333333333333,0.061264319894317944
2,0,0,0,0,0,0,0,0,0,0,0,1,0,0,0,0,0,0,0,1,0,1,0.29474999999999996,0.0,0.0,0.020494635090094415
3,0,0,0,0,0,0,0,0,1,0,0,0,0,0,0,0,0,0,0,1,0,0,0.2922411616161616,0.0,0.0,0.014736618564782174
2,0,0,0,0,0,0,0,0,0,0,0,1,0,0,0,0,0,0,0,1,0,1,0.54475,0.125,0.0,0.050748620223090936
2,0,0,0,0,0,0,0,0,1,0,0,0,0,0,0,0,0,0,0,1,1,0,0.09475,0.0,0.3333333333333333,0.05123658772523604
2,0,0,0,0,0,0,0,0,0,0,0,1,0,0,0,0,0,0,0,1,0,1,0.23224999999999998,0.0,0.0,0.020494635090094415
2,0,0,0,0,0,0,0,0,0,0,0,1,0,0,0,0,0,0,0,1,0,1,0.40725,0.0,0.0,0.023959204355324663
3,0,0,0,0,0,0,0,0,1,0,0,0,0,0,0,0,0,1,0,0,0,0,0.2922411616161616,0.125,0.0,0.028212719478023115
3,0,0,0,0,0,0,0,0,1,0,0,0,0,0,0,0,0,0,1,0,1,0,0.2922411616161616,0.125,0.0,0.030253985132996517
2,0,0,0,0,0,0,0,0,0,0,0,1,0,0,0,0,0,0,0,1,0,1,0.35724999999999996,0.0,0.0,0.020494635090094415
3,0,0,0,0,0,0,0,0,0,0,0,1,0,0,0,0,0,0,0,1,0,1,0.26975,0.0,0.0,0.013907073811135496
3,0,0,0,0,0,0,0,0,0,0,0,1,0,0,0,0,0,1,0,0,0,1,0.36974999999999997,0.0,0.0,0.014102260811993537
1,0,0,0,1,0,0,0,0,0,0,0,0,0,0,0,0,0,0,1,0,0,1,0.54475,0.25,0.0,0.17566830077223786
3,0,0,0,0,0,0,0,0,1,0,0,0,0,0,0,0,0,0,0,1,0,0,0.30724999999999997,0.0,0.0,0.015175789316712771
2,0,0,0,0,0,0,0,0,0,0,0,0,1,0,0,0,0,0,0,1,1,0,0.29474999999999996,0.0,0.3333333333333333,0.028302115124416098
1,0,0,0,0,0,0,0,0,0,0,0,1,0,0,0,0,0,0,0,1,1,1,0.45725,0.125,0.16666666666666666,0.10257896680493714
2,0,0,0,0,0,0,0,0,0,0,0,0,0,0,1,0,0,0,0,1,0,1,0.66975,0.125,0.0,0.050748620223090936
3,0,0,0,0,0,0,0,0,0,0,0,1,0,0,0,0,0,0,0,1,0,1,0.2922411616161616,0.0,0.0,0.014151057562208049
3,0,0,0,0,0,0,0,0,0,0,0,0,1,0,0,0,0,0,0,1,0,0,0.35724999999999996,0.125,0.16666666666666666,0.02042143996477265
1,0,0,0,0,0,0,0,0,0,0,0,1,0,0,0,0,0,0,0,1,0,1,0.7697499999999999,0.0,0.0,0.051822148727810165
3,0,0,0,0,0,0,0,0,0,0,0,1,0,0,0,0,0,0,0,1,0,1,0.36974999999999997,0.125,0.0,0.031425107138144774
3,0,0,0,0,0,0,0,0,0,0,0,0,1,0,0,0,0,0,0,1,0,0,0.50725,0.0,0.3333333333333333,0.039452172548431745
3,0,0,0,0,0,0,0,0,0,0,0,0,1,0,0,0,0,1,0,0,1,0,0.35724999999999996,0.0,0.3333333333333333,0.029757819776815374
1,0,0,0,0,0,0,0,0,0,0,0,0,1,0,0,0,0,1,0,0,1,0,0.2922411616161616,0.0,0.0,0.15458810467956932
1,0,0,0,0,0,0,0,0,1,0,0,0,0,0,0,0,0,0,0,1,1,0,0.36974999999999997,0.0,0.0,0.16883675574220638
1,0,0,0,0,0,0,0,0,1,0,0,0,0,0,0,0,0,1,0,0,1,0,0.43224999999999997,0.0,0.0,1.0
2,0,0,0,0,0,0,0,0,0,0,0,0,1,0,0,0,0,0,0,1,1,0,0.61975,0.0,0.16666666666666666,0.050748620223090936
3,0,0,0,0,0,0,0,0,0,0,0,1,0,0,0,0,0,0,1,0,0,1,0.2922411616161616,0.0,0.0,0.015126992566498259
3,0,0,0,0,0,0,0,1,0,0,0,0,0,0,0,0,0,0,0,1,1,1,0.03225,0.5,0.3333333333333333,0.061264319894317944
1,0,0,0,0,0,0,0,0,0,0,0,1,0,0,0,0,0,0,0,1,0,1,0.6447499999999999,0.125,0.16666666666666666,0.1554664461834305
1,0,0,0,0,0,0,0,0,0,0,0,1,0,0,0,0,0,0,0,1,0,1,0.49474999999999997,0.0,0.0,0.0
3,0,0,0,0,0,0,0,0,1,0,0,0,0,0,0,0,0,0,1,0,0,0,0.2922411616161616,0.0,0.0,0.015126992566498259
2,0,0,0,0,0,0,0,0,0,0,0,1,0,0,0,0,0,0,0,1,0,1,0.44475,0.0,0.0,0.020494635090094415
3,0,0,0,0,0,0,0,0,0,0,0,1,0,0,0,0,0,0,0,1,0,1,0.19475,0.5,0.16666666666666666,0.07746484096553544
3,0,0,0,0,0,0,0,0,0,0,0,1,0,0,0,0,0,0,0,1,1,1,0.30724999999999997,0.125,0.0,0.015175789316712771
1,0,0,0,0,0,0,0,0,0,0,0,0,1,0,0,0,0,0,0,1,1,0,0.71975,0.0,0.16666666666666666,0.2995388511917728
1,0,0,0,0,0,0,0,0,1,0,0,0,0,0,0,0,0,0,0,1,1,0,0.43224999999999997,0.0,0.0,0.2647385704347907
1,0,0,0,0,0,0,0,0,0,0,0,1,0,0,0,0,0,0,0,1,0,1,0.2922411616161616,0.0,0.0,0.060507970265993034
3,0,0,0,0,0,0,0,0,0,0,0,1,0,0,0,0,0,0,0,1,1,1,0.30724999999999997,0.0,0.0,0.0
2,0,0,0,0,0,0,0,0,0,0,0,0,1,0,0,0,0,0,0,1,1,0,0.50725,0.0,0.16666666666666666,0.0380614651673182
1,0,0,0,0,0,0,0,0,0,0,0,1,0,0,0,0,0,1,0,0,0,1,0.45725,0.0,0.16666666666666666,0.057970539254838485
3,0,0,0,0,0,0,0,0,1,0,0,0,0,0,0,0,0,0,1,0,1,0,0.2922411616161616,0.0,0.0,0.015126992566498259
1,0,0,0,0,0,0,0,0,1,0,0,0,0,0,0,0,0,0,0,1,1,0,0.78225,0.125,0.0,0.15216446768991498
3,0,0,0,0,0,0,0,0,1,0,0,0,0,0,0,0,0,0,0,1,0,0,0.55725,0.0,0.0,0.015126992566498259
2,0,0,0,0,0,0,0,0,0,0,0,1,0,0,0,0,0,0,0,1,0,1,0.2922411616161616,0.0,0.0,0.0
3,0,0,0,0,0,0,0,1,0,0,0,0,0,0,0,0,0,0,1,0,0,1,0.08225,0.5,0.16666666666666666,0.056848213999904744
3,0,0,0,0,0,0,0,0,0,0,0,0,1,0,0,0,0,0,0,1,1,0,0.43224999999999997,0.125,0.16666666666666666,0.03952536767375352
3,0,0,0,0,0,0,0,0,0,0,0,1,0,0,0,0,0,0,1,0,0,1,0.80725,0.0,0.0,0.015126992566498259
3,0,0,0,0,0,0,0,0,0,0,0,1,0,0,0,0,0,0,0,1,0,1,0.34475,0.0,0.0,0.015330377421392339
3,0,0,0,0,0,0,0,0,0,0,0,1,0,0,0,0,0,0,0,1,0,1,0.19475,0.0,0.0,0.018542765081513996
3,0,0,0,0,0,0,0,0,0,0,0,1,0,0,0,0,0,0,0,1,1,1,0.23224999999999998,0.0,0.0,0.015712553569072387
1,0,0,0,0,0,0,0,0,0,0,0,1,0,0,0,0,0,0,0,1,0,1,0.2922411616161616,0.0,0.0,0.050748620223090936
3,0,0,0,0,0,0,0,0,0,0,0,1,0,0,0,0,0,1,0,0,0,1,0.40725,0.0,0.0,0.016908073949327893
3,0,0,0,0,0,0,0,0,0,0,0,1,0,0,0,0,0,0,0,1,1,1,0.36974999999999997,0.0,0.0,0.018542765081513996
3,0,0,0,0,0,0,0,0,0,0,0,1,0,0,0,0,0,0,0,1,0,1,0.26975,0.0,0.0,0.015411575213749284
2,0,0,0,0,0,0,0,0,0,0,0,1,0,0,0,0,0,0,0,1,1,1,0.5197499999999999,0.0,0.0,0.025374310111545468
3,0,0,0,0,0,0,0,0,1,0,0,0,0,0,0,0,0,0,1,0,1,0,0.26975,0.0,0.0,0.015126992566498259
1,0,0,0,0,0,0,0,0,1,0,0,0,0,0,0,0,0,0,0,1,1,0,0.31975,0.0,0.0,0.15390495017656614
1,0,0,0,0,0,0,0,0,0,0,0,0,1,0,0,0,0,1,0,0,1,0,0.23224999999999998,0.125,0.0,0.17777475888549785
2,0,0,0,0,0,0,0,0,0,0,0,1,0,0,0,0,0,1,0,0,0,1,0.44475,0.0,0.0,0.025130326360472913
3,0,0,0,0,0,0,0,0,1,0,0,0,0,0,0,0,0,0,0,1,0,0,0.29474999999999996,0.0,0.0,0.01727404957593672
3,0,0,0,0,0,0,0,0,0,0,0,1,0,0,0,0,0,0,0,1,0,1,0.29474999999999996,0.0,0.0,0.015411575213749284
1,0,0,0,0,0,0,0,0,0,0,0,1,0,0,0,0,0,1,0,0,0,1,0.2922411616161616,0.0,0.0,0.05410739813385612
3,0,0,0,0,0,0,0,0,0,0,0,1,0,0,0,0,0,1,0,0,0,1,0.2885,0.0,0.0,0.014110458666029575
1,0,0,0,0,0,0,0,0,1,0,0,0,0,0,0,0,0,0,0,1,0,0,0.01975,0.125,0.3333333333333333,0.29580589980036276
1,0,0,0,0,0,0,0,0,0,0,0,1,0,0,0,0,0,0,0,1,1,1,0.2922411616161616,0.0,0.0,0.05953203526170282
1,0,0,0,0,0,0,0,0,0,0,0,0,1,0,0,0,0,1,0,0,1,0,0.61975,0.0,0.16666666666666666,0.4831284260198326
3,0,0,0,0,0,0,0,0,1,0,0,0,0,0,0,0,0,0,1,0,1,0,0.2922411616161616,0.0,0.0,0.015126992566498259
3,0,0,0,0,0,0,0,0,0,0,0,1,0,0,0,0,0,0,1,0,1,1,0.2922411616161616,0.25,0.0,0.04538097769949478
3,0,0,0,0,0,0,0,0,0,0,0,1,0,0,0,0,0,0,0,1,0,1,0.23224999999999998,0.0,0.0,0.0
2,0,0,0,0,0,0,0,0,1,0,0,0,0,0,0,0,0,0,1,0,1,0,0.2922411616161616,0.0,0.0,0.024105594605968193
3,0,0,0,0,0,0,0,0,0,0,0,1,0,0,0,0,0,0,0,1,0,1,0.2922411616161616,0.0,0.0,0.015712553569072387
1,0,0,0,0,0,0,0,1,0,0,0,0,0,0,0,0,0,0,0,1,1,1,0.00625,0.125,0.3333333333333333,0.29580589980036276
1,0,0,0,0,0,0,0,0,1,0,0,0,0,0,0,0,0,1,0,0,1,0,0.2922411616161616,0.0,0.0,0.21642978772242535
1,0,0,0,0,0,0,0,0,0,0,0,0,1,0,0,0,0,1,0,0,1,0,0.20725,0.125,0.0,0.2125586439344078
2,0,0,0,0,0,0,0,0,0,0,0,1,0,0,0,0,0,1,0,0,0,1,0.36974999999999997,0.125,0.0,0.04684488020593009
1,0,0,0,0,0,0,0,0,1,0,0,0,0,0,0,0,0,1,0,0,1,0,0.36974999999999997,0.0,0.0,0.11111839809247648
1,0,0,0,0,0,0,0,0,1,0,0,0,0,0,0,0,0,1,0,0,1,0,0.29474999999999996,0.0,0.0,0.16231419173453318
1,0,0,0,0,0,0,0,0,1,0,0,0,0,0,0,0,0,1,0,0,1,0,0.21974999999999997,0.25,0.3333333333333333,0.5121218935012878
2,0,0,0,0,0,0,0,0,0,0,0,0,1,0,0,0,0,0,0,1,0,0,0.31975,0.125,0.16666666666666666,0.050748620223090936
3,0,0,0,0,0,0,0,0,0,0,0,1,0,0,0,0,0,0,0,1,0,1,0.34475,0.0,0.0,0.015411575213749284
2,0,0,0,0,0,0,0,0,0,0,0,1,0,0,0,0,0,0,0,1,0,1,0.53225,0.125,0.16666666666666666,0.05123658772523604
3,0,0,0,0,0,0,0,0,1,0,0,0,0,0,0,0,0,0,0,1,1,0,0.31975,0.0,0.0,0.015330377421392339
2,0,0,0,0,0,0,0,0,0,0,0,0,1,0,0,0,0,0,0,1,1,0,0.29474999999999996,0.125,0.0,0.050748620223090936
2,0,0,0,1,0,0,0,0,0,0,0,0,0,0,0,0,0,0,0,1,0,1,0.66975,0.0,0.0,0.027326180120125887
1,0,0,0,0,0,0,0,0,1,0,0,0,0,0,0,0,0,0,0,1,1,0,0.38225,0.0,0.3333333333333333,0.32179836714362564
1,0,0,0,0,0,0,0,0,0,0,0,0,1,0,0,0,0,1,0,0,1,0,0.49474999999999997,0.125,0.16666666666666666,0.2625265161540666
3,0,0,0,0,0,0,0,0,0,0,0,1,0,0,0,0,0,0,0,1,0,1,0.26975,0.0,0.0,0.014151057562208049
3,0,0,0,0,0,0,0,0,0,0,0,1,0,0,0,0,0,0,0,1,0,1,0.33225,0.0,0.0,0.015411575213749284
2,0,0,0,0,0,0,0,0,1,0,0,0,0,0,0,0,0,0,1,0,1,0,0.36974999999999997,0.0,0.0,0.024105594605968193
2,0,0,0,0,0,0,0,0,0,0,0,0,1,0,0,0,0,0,0,1,1,0,0.26975,0.125,0.16666666666666666,0.056604230248832196
3,0,0,0,0,0,0,0,0,0,0,0,1,0,0,0,0,0,0,0,1,0,1,0.2922411616161616,1.0,0.3333333333333333,0.13575255909676823
1,0,0,0,0,0,0,0,0,1,0,0,0,0,0,0,0,0,1,0,0,1,0,0.44475,0.0,0.0,0.2647385704347907
3,0,0,0,0,0,0,0,0,0,0,0,1,0,0,0,0,0,0,0,1,0,1,0.75725,0.0,0.0,0.012174789178520372
2,0,0,0,0,0,0,0,0,0,0,0,0,1,0,0,0,0,0,0,1,1,0,0.44475,0.0,0.0,0.025374310111545468
3,0,0,0,0,0,0,0,0,0,0,0,0,1,0,0,0,0,0,0,1,1,0,0.38225,0.125,0.16666666666666666,0.04006213192611313
1,0,0,0,0,0,0,0,0,1,0,0,0,0,0,0,0,0,1,0,0,1,0,0.19475,0.0,0.16666666666666666,0.11316786160148591
3,0,0,0,0,0,0,0,0,1,0,0,0,0,0,0,0,0,0,1,0,1,0,0.2922411616161616,0.25,0.0,0.04538097769949478
1,0,0,0,0,0,0,0,0,0,0,0,1,0,0,0,0,0,0,0,1,0,1,0.5635,0.0,0.0,0.055628295244541985
1,0,0,0,0,0,0,0,0,0,0,0,1,0,0,0,0,0,0,0,1,0,1,0.46975,0.0,0.16666666666666666,0.2995388511917728
3,0,0,0,0,0,0,0,0,0,0,0,1,0,0,0,0,0,0,0,1,0,1,0.19475,0.25,0.0,0.03513366015444757
1,0,0,0,0,0,0,0,0,0,0,0,0,1,0,0,0,0,0,0,1,1,0,0.2922411616161616,0.125,0.0,0.2608674266467732
3,0,0,0,0,0,0,0,0,0,0,0,1,0,0,0,0,0,0,0,1,0,1,0.2922411616161616,0.0,0.0,0.015411575213749284
1,0,0,0,0,0,0,0,0,0,0,0,1,0,0,0,0,0,0,0,1,0,1,0.35724999999999996,0.125,0.0,0.12999454257145598
1,0,0,0,0,0,0,0,0,1,0,0,0,0,0,0,0,0,1,0,0,1,0,0.50725,0.0,0.0,0.2625265161540666
3,0,0,0,0,0,0,0,0,0,0,0,1,0,0,0,0,0,0,0,1,1,1,0.55725,0.0,0.0,0.015712553569072387
1,0,0,0,0,0,0,0,0,0,0,0,1,0,0,0,0,0,0,0,1,0,1,0.55725,0.0,0.0,0.06929138530460492
2,0,0,0,0,0,0,0,1,0,0,0,0,0,0,0,0,0,0,0,1,1,1,0.01975,0.125,0.16666666666666666,0.050748620223090936
1,0,0,0,0,0,0,0,0,1,0,0,0,0,0,0,0,0,0,0,1,1,0,0.29474999999999996,0.375,0.3333333333333333,0.5133418122566505
2,0,0,0,0,0,0,0,0,0,0,0,1,0,0,0,0,0,0,0,1,0,1,0.34475,0.0,0.0,0.025374310111545468
2,0,0,0,0,0,0,0,0,0,0,0,1,0,0,0,0,0,0,0,1,0,1,0.30724999999999997,0.0,0.0,0.025374310111545468
2,0,0,0,0,0,0,0,0,0,0,0,1,0,0,0,0,0,0,0,1,0,1,0.44475,0.0,0.0,0.025374310111545468
2,0,0,0,0,0,0,0,0,1,0,0,0,0,0,0,0,0,0,0,1,1,0,0.29474999999999996,0.0,0.0,0.025374310111545468
2,0,0,0,0,0,0,0,0,1,0,0,0,0,0,0,0,0,0,0,1,1,0,0.49474999999999997,0.0,0.0,0.025374310111545468
3,0,0,0,0,0,0,0,0,0,0,0,0,1,0,0,0,0,0,0,1,1,0,0.2922411616161616,0.125,0.0,0.031425107138144774
3,0,0,0,0,0,0,0,1,0,0,0,0,0,0,0,0,0,0,0,1,1,1,0.03225,0.125,0.16666666666666666,0.031034733136428686
3,0,0,0,0,0,0,0,0,0,0,0,1,0,0,0,0,0,0,0,1,0,1,0.5197499999999999,0.0,0.0,0.016908073949327893
3,0,0,0,0,0,0,0,0,0,0,0,1,0,0,0,0,0,0,0,1,0,1,0.28225,0.0,0.0,0.01800600082915438
1,0,0,0,0,0,0,0,0,0,0,0,1,0,0,0,0,0,0,0,1,0,1,0.2922411616161616,0.0,0.0,0.06831545030031472
3,0,0,0,0,0,0,0,0,0,0,0,1,0,0,0,0,0,1,0,0,0,1,0.18225,0.125,0.16666666666666666,0.014110458666029575
3,0,0,0,0,0,0,0,0,0,0,0,1,0,0,0,0,0,0,0,1,0,1,0.30724999999999997,0.125,0.0,0.034743286152731485
3,0,0,0,0,0,0,0,0,0,0,0,1,0,0,0,0,0,1,0,0,0,1,0.2922411616161616,0.0,0.0,0.014102260811993537
3,0,0,0,0,0,0,0,0,0,0,0,1,0,0,0,0,0,0,0,1,0,1,0.34475,0.0,0.0,0.018542765081513996
1,0,0,0,0,0,0,0,0,1,0,0,0,0,0,0,0,0,0,0,1,1,0,0.26975,0.0,0.16666666666666666,0.10735285047192313
2,0,0,0,0,0,0,0,0,1,0,0,0,0,0,0,0,0,0,0,1,0,0,0.46975,0.0,0.0,0.025374310111545468
3,0,0,0,0,0,0,0,0,1,0,0,0,0,0,0,0,0,0,1,0,1,0,0.2922411616161616,0.0,0.0,0.01537917417160685
3,0,0,0,0,0,0,0,0,1,0,0,0,0,0,0,0,0,0,1,0,1,0,0.2922411616161616,0.0,0.0,0.01537917417160685
3,0,0,0,0,0,0,0,0,0,0,0,1,0,0,0,0,0,0,0,1,0,1,0.49474999999999997,0.125,0.6666666666666666,0.05445717323939373
2,0,0,0,0,0,0,0,0,0,0,0,1,0,0,0,0,0,1,0,0,0,1,0.35724999999999996,0.125,0.0,0.05410739813385612
3,0,0,0,0,0,0,0,0,0,0,0,0,1,0,0,0,0,1,0,0,0,0,0.55725,0.0,0.16666666666666666,0.028212719478023115
3,0,0,0,0,0,0,0,0,0,0,0,1,0,0,0,0,0,0,0,1,0,1,0.43224999999999997,0.0,0.0,0.013760683560491965
3,0,0,0,0,0,0,0,0,0,0,0,1,0,0,0,0,0,0,1,0,0,1,0.2922411616161616,0.125,0.0,0.030253985132996517
3,0,0,0,0,0,0,0,0,0,0,0,1,0,0,0,0,0,0,0,1,0,1,0.36974999999999997,0.0,0.0,0.014151057562208049
1,0,0,0,0,0,0,0,0,0,0,0,0,1,0,0,0,0,1,0,0,1,0,0.74475,0.125,0.0,0.14687821814567664
3,0,0,0,0,0,0,0,0,0,0,0,0,1,0,0,0,0,1,0,0,1,0,0.2922411616161616,0.0,0.0,0.014110458666029575
3,0,0,0,0,0,0,0,0,1,0,0,0,0,0,0,0,0,0,1,0,1,0,0.2922411616161616,0.0,0.0,0.015126992566498259
1,0,0,0,0,0,0,0,0,0,0,1,0,0,0,0,0,0,1,0,0,1,0,0.29474999999999996,0.0,0.0,0.13526459159462315
1,0,0,0,0,0,0,0,0,0,0,0,1,0,0,0,0,0,1,0,0,1,1,0.30724999999999997,0.125,0.0,0.1082149914547131
3,0,0,0,0,0,0,0,0,0,0,0,1,0,0,0,0,0,0,0,1,0,1,0.21974999999999997,0.125,0.0,0.012678957201736696
3,0,0,0,0,0,0,0,0,0,0,0,1,0,0,0,0,0,0,0,1,0,1,0.23224999999999998,0.0,0.0,0.015712553569072387
1,0,0,0,0,0,0,0,0,0,0,0,1,0,0,0,0,0,1,0,0,0,1,0.26975,0.0,0.0,0.2647385704347907
3,0,0,0,0,0,0,0,0,1,0,0,0,0,0,0,0,0,0,0,1,0,0,0.03225,0.375,0.16666666666666666,0.04113566043083236
1,0,0,0,0,0,0,0,0,0,0,0,0,1,0,0,0,0,1,0,0,1,0,0.2922411616161616,0.125,0.0,0.16038672010106
3,0,0,0,0,0,0,0,0,1,0,0,0,0,0,0,0,0,0,0,1,1,0,0.26975,0.0,0.0,0.014151057562208049
1,0,0,0,0,0,0,0,0,0,0,0,1,0,0,0,0,0,1,0,0,0,1,0.33225,0.0,0.3333333333333333,0.41282050681475896
3,0,0,0,0,0,0,0,0,0,0,0,1,0,0,0,0,0,1,0,0,0,1,0.24474999999999997,0.0,0.0,0.007831878409428937
3,0,0,0,0,0,0,0,0,0,0,0,1,0,0,0,0,0,0,0,1,0,1,0.23224999999999998,0.0,0.0,0.015175789316712771
1,0,0,0,0,0,0,0,0,1,0,0,0,0,0,0,0,0,1,0,0,1,0,0.5197499999999999,0.0,0.0,0.4440992237022602
3,0,0,0,0,0,0,0,0,1,0,0,0,0,0,0,0,0,1,0,0,1,0,0.007250000000000001,0.0,0.3333333333333333,0.030725752114070404
3,0,0,0,0,0,0,0,0,0,0,0,1,0,0,0,0,0,0,0,1,0,1,0.39475,0.0,0.0,0.015468569817999833
1,0,0,0,0,0,0,0,0,0,0,0,0,1,0,0,0,0,0,0,1,1,0,0.43224999999999997,0.125,0.0,0.10149724044618187
3,0,0,0,0,0,0,0,0,0,0,0,1,0,0,0,0,0,0,0,1,0,1,0.2922411616161616,0.0,0.0,0.015411575213749284
2,0,0,0,0,0,0,0,0,0,0,0,1,0,0,0,0,0,0,0,1,0,1,0.21974999999999997,0.0,0.0,0.1434624456306609
3,0,0,0,0,0,0,0,1,0,0,0,0,0,0,0,0,0,0,0,1,0,1,0.007250000000000001,0.625,0.3333333333333333,0.09154270340242172
2,0,0,0,0,0,0,0,0,1,0,0,0,0,0,0,0,0,0,0,1,1,0,0.44475,0.0,0.0,0.025374310111545468
3,0,0,0,0,0,0,0,0,0,0,0,1,0,0,0,0,0,0,1,0,0,1,0.2922411616161616,0.0,0.0,0.015086393670319786
2,0,0,0,0,0,0,0,0,1,0,0,0,0,0,0,0,0,1,0,0,1,0,0.20725,0.0,0.0,0.023422440102965045
1,0,0,0,0,0,0,0,0,0,0,0,1,0,0,0,0,0,0,0,1,1,1,0.44475,0.125,0.3333333333333333,0.23422440102965045
3,0,0,0,0,0,0,0,0,0,0,0,1,0,0,0,0,0,0,0,1,1,1,0.25725,0.0,0.0,0.015216388212891242
3,0,0,0,0,0,0,0,0,0,0,0,1,0,0,0,0,0,0,0,1,0,1,0.34475,0.25,0.0,0.015468569817999833
1,0,0,0,0,0,0,0,0,1,0,0,0,0,0,0,0,0,1,0,0,1,0,0.28225,0.125,0.0,0.22109807522194713
3,0,0,0,0,0,0,0,0,0,0,0,0,1,0,0,0,0,0,0,1,1,0,0.29474999999999996,0.0,0.3333333333333333,0.03259622914329302
3,0,0,0,0,0,0,0,0,0,0,0,1,0,0,0,0,0,0,0,1,0,1,0.26975,0.0,0.0,0.015216388212891242
3,0,0,0,0,0,0,0,0,1,0,0,0,0,0,0,0,0,0,0,1,0,0,0.38225,0.0,0.0,0.015330377421392339
2,0,0,0,0,0,0,0,0,0,0,0,1,0,0,0,0,0,0,0,1,0,1,0.56975,0.0,0.0,0.050748620223090936
2,0,0,0,1,0,0,0,0,0,0,0,0,0,0,0,0,0,0,0,1,0,1,0.28225,0.0,0.0,0.020494635090094415
2,0,0,0,0,0,0,0,0,0,0,0,0,1,0,0,0,0,0,0,1,1,0,0.34475,0.0,0.0,0.02469115560854232
3,0,0,0,0,0,0,0,0,0,0,0,1,0,0,0,0,0,0,0,1,1,1,0.48224999999999996,0.0,0.0,0.015468569817999833
3,0,0,0,0,0,0,0,0,0,0,0,1,0,0,0,0,0,0,0,1,0,1,0.31975,0.0,0.0,0.015712553569072387
3,0,0,0,0,0,0,0,0,1,0,0,0,0,0,0,0,0,0,0,1,0,0,0.25725,0.125,0.0,0.019177122834302632
3,0,0,0,0,0,0,0,0,0,0,0,1,0,0,0,0,0,0,0,1,0,1,0.34475,0.125,0.0,0.030937139635999665
3,0,0,0,0,0,0,0,0,1,0,0,0,0,0,0,0,0,0,0,1,0,0,0.24474999999999997,0.0,0.0,0.016908073949327893
2,0,0,0,0,0,0,0,0,0,0,0,1,0,0,0,0,0,0,0,1,0,1,0.41974999999999996,0.125,0.0,0.04098927018018883
3,0,0,0,0,0,0,0,0,0,0,0,1,0,0,0,0,0,0,0,1,0,1,0.63225,0.0,0.0,0.015126992566498259
2,0,0,0,0,0,0,0,1,0,0,0,0,0,0,0,0,0,0,0,1,1,1,0.03225,0.125,0.16666666666666666,0.03659756266088288
3,0,0,0,0,0,0,0,0,0,0,0,1,0,0,0,0,0,0,0,1,0,1,0.25725,0.0,0.0,0.015175789316712771
3,0,0,0,0,0,0,0,0,1,0,0,0,0,0,0,0,0,0,0,1,0,0,0.2922411616161616,0.375,0.16666666666666666,0.04970768794751499
3,0,0,0,0,0,0,0,0,0,0,0,1,0,0,0,0,0,0,0,1,0,1,0.2922411616161616,0.0,0.0,0.015411575213749284
3,0,0,0,0,0,0,0,0,0,0,0,1,0,0,0,0,0,0,1,0,0,1,0.2922411616161616,0.0,0.0,0.013386510079847098
1,0,0,0,0,0,0,0,0,1,0,0,0,0,0,0,0,0,0,1,0,1,0,0.40725,0.125,0.0,0.17566830077223786
2,0,0,0,0,0,0,0,0,0,0,0,1,0,0,0,0,0,0,0,1,0,1,0.2922411616161616,0.0,0.0,0.0
3,0,0,0,0,0,0,0,0,0,0,0,1,0,0,0,0,0,0,0,1,1,1,0.54475,0.0,0.0,0.015468569817999833
3,0,0,0,0,0,0,0,0,0,0,0,0,1,0,0,0,0,0,0,1,0,0,0.2922411616161616,0.0,0.0,0.015712553569072387
2,0,0,0,0,0,0,0,0,0,0,0,0,1,0,0,0,0,0,0,1,1,0,0.41974999999999996,0.125,0.16666666666666666,0.06343577527886367
2,0,0,0,0,0,0,0,0,1,0,0,0,0,0,0,0,0,0,0,1,1,0,0.21974999999999997,0.0,0.3333333333333333,0.025374310111545468
2,0,0,0,0,0,0,0,0,0,0,0,1,0,0,0,0,0,0,0,1,0,1,0.36974999999999997,0.0,0.0,0.025374310111545468
3,0,0,0,0,0,0,0,0,1,0,0,0,0,0,0,0,0,0,0,1,0,0,0.11975,0.0,0.3333333333333333,0.04713766070721715
3,0,0,0,0,0,0,0,0,0,0,0,1,0,0,0,0,0,1,0,0,0,1,0.2922411616161616,0.0,0.0,0.015411575213749284
3,0,0,0,0,0,0,0,0,0,0,0,1,0,0,0,0,0,0,1,0,0,1,0.25725,0.0,0.0,0.015094396337354966
3,0,0,0,0,0,0,0,0,0,0,0,1,0,0,0,0,0,0,0,1,0,1,0.35724999999999996,0.0,0.0,0.015370976317570811
3,0,0,0,0,0,0,0,0,0,0,0,0,1,0,0,0,0,0,0,1,0,0,0.34475,0.125,0.16666666666666666,0.028106928123558056
3,0,0,0,0,0,0,0,0,0,0,0,1,0,0,0,0,0,0,0,1,0,1,0.21974999999999997,0.125,0.16666666666666666,0.039452172548431745
3,0,0,0,0,0,0,0,0,0,0,0,1,0,0,0,0,0,0,0,1,0,1,0.2922411616161616,0.0,0.0,0.014151057562208049
2,0,0,0,0,0,0,0,0,0,0,0,0,1,0,0,0,0,0,0,1,1,0,0.34475,0.125,0.0,0.050748620223090936
2,0,0,0,0,0,0,0,0,1,0,0,0,0,0,0,0,0,0,0,1,1,0,0.23224999999999998,0.0,0.0,0.050748620223090936
3,0,0,0,0,0,0,0,0,0,0,0,1,0,0,0,0,0,0,1,0,0,1,0.2922411616161616,0.0,0.0,0.015126992566498259
3,0,0,0,0,0,0,0,0,0,0,0,1,0,0,0,0,0,0,0,1,1,1,0.39475,0.0,0.0,0.015712553569072387
1,0,0,0,0,0,0,0,0,0,0,0,1,0,0,0,0,0,0,0,1,1,1,0.34475,0.0,0.0,0.051822148727810165
3,0,0,0,0,0,0,0,0,0,0,0,0,1,0,0,0,0,0,0,1,1,0,0.2922411616161616,0.125,0.0,0.031425107138144774
2,0,0,0,0,0,0,0,0,0,0,0,0,1,0,0,0,0,0,0,1,1,0,0.5197499999999999,0.125,0.0,0.050748620223090936
3,0,0,0,0,0,0,0,0,0,0,0,1,0,0,0,0,0,0,0,1,0,1,0.20725,0.0,0.0,0.013907073811135496
1,0,0,0,0,0,0,0,0,0,0,0,1,0,0,0,0,0,0,0,1,0,1,0.61975,0.125,0.0,0.1091095334796455
1,0,0,0,0,0,0,0,0,1,0,0,0,0,0,0,0,0,0,0,1,1,0,0.16975,0.125,0.3333333333333333,0.23422440102965045
3,0,0,0,0,0,0,0,0,1,0,0,0,0,0,0,0,0,0,0,1,0,0,0.25725,0.25,0.3333333333333333,0.06709553154495196
2,0,0,0,0,0,0,0,0,0,0,0,0,1,0,0,0,0,0,0,1,1,0,0.29474999999999996,0.25,0.5,0.03659756266088288
1,0,0,0,0,0,0,0,0,0,0,0,1,0,0,0,0,0,0,0,1,0,1,0.79475,0.125,0.6666666666666666,0.5133418122566505
2,0,0,0,0,0,0,0,0,0,0,0,1,0,0,0,0,0,0,0,1,0,1,0.38225,0.0,0.0,0.020494635090094415
2,0,0,0,0,0,0,0,0,0,0,0,0,1,0,0,0,0,0,0,1,1,0,0.55725,0.125,0.16666666666666666,0.05123658772523604
3,0,0,0,0,0,0,0,0,0,0,0,1,0,0,0,0,0,0,0,1,0,1,0.24474999999999997,0.0,0.0,0.018542765081513996
3,0,0,0,0,0,0,0,0,0,0,0,1,0,0,0,0,0,0,0,1,0,1,0.30724999999999997,0.125,0.0,0.015175789316712771
2,0,0,0,0,0,0,0,0,0,0,0,0,0,1,0,0,0,0,0,1,1,0,0.34475,0.0,0.0,0.025374310111545468
3,0,0,0,0,0,0,0,0,0,0,0,1,0,0,0,0,0,0,0,1,1,1,0.2922411616161616,0.0,0.0,0.015834545444608664
1,0,0,0,0,0,0,0,1,0,0,0,0,0,0,0,0,0,0,0,1,1,1,0.04475,0.0,0.3333333333333333,0.15977676072337862
2,0,0,0,0,0,0,0,0,1,0,0,0,0,0,0,0,0,0,0,1,1,0,0.15725,0.0,0.16666666666666666,0.0380614651673182
1,0,0,0,0,0,0,0,0,0,0,0,1,0,0,0,0,0,0,0,1,1,1,0.41974999999999996,0.0,0.0,0.051822148727810165
3,0,0,0,0,0,0,0,0,1,0,0,0,0,0,0,0,0,1,0,0,1,0,0.05725,0.25,0.16666666666666666,0.03758969818624431
1,0,0,0,0,0,0,1,0,0,0,0,0,0,0,0,0,0,0,0,1,1,1,0.6447499999999999,0.0,0.0,0.05953203526170282
2,0,0,0,0,0,0,0,0,0,0,0,1,0,0,0,0,0,0,0,1,0,1,0.44475,0.125,0.3333333333333333,0.05416439273810667
3,0,0,0,0,0,0,0,0,0,0,0,1,0,0,0,0,0,0,0,1,0,1,0.2922411616161616,0.125,0.0,0.03897240290032268
1,0,0,0,0,0,0,0,0,0,0,0,1,0,0,0,0,0,1,0,0,0,1,0.36974999999999997,0.0,0.0,0.05416439273810667
1,0,0,0,0,0,0,0,0,0,0,0,1,0,0,0,0,0,1,0,0,1,1,0.60725,0.125,0.0,0.17391981561855152
3,0,0,0,0,0,0,0,0,0,0,0,1,0,0,0,0,0,0,0,1,0,1,0.2922411616161616,0.0,0.0,0.015712553569072387
3,0,0,0,0,0,0,0,0,0,0,0,1,0,0,0,0,0,1,0,0,1,1,0.35724999999999996,0.0,0.0,0.015411575213749284
1,0,0,0,0,0,0,0,0,0,0,0,1,0,0,0,0,0,0,0,1,0,1,0.80725,0.0,0.0,0.051822148727810165
1,0,0,0,0,0,0,0,0,0,0,0,0,1,0,0,0,0,0,0,1,1,0,0.2922411616161616,0.125,0.0,0.10122885832000206
2,0,0,0,0,0,0,0,0,1,0,0,0,0,0,0,0,0,0,0,1,1,0,0.61975,0.0,0.0,0.020494635090094415
3,0,0,0,0,0,0,0,0,0,0,0,1,0,0,0,0,0,0,1,0,0,1,0.2922411616161616,0.0,0.0,0.015126992566498259
1,0,0,0,0,0,0,0,0,0,0,0,1,0,0,0,0,0,0,0,1,1,1,0.59475,0.0,0.0,0.051822148727810165
3,0,0,0,0,0,0,0,0,0,0,0,1,0,0,0,0,0,0,0,1,0,1,0.41974999999999996,0.0,0.0,0.015712553569072387
1,0,0,0,0,0,0,0,0,0,0,0,1,0,0,0,0,0,0,0,1,0,1,0.5822499999999999,0.0,0.0,0.07514699533034619
2,0,0,0,0,0,0,0,0,0,0,0,1,0,0,0,0,0,0,0,1,0,1,0.59475,0.0,0.0,0.025374310111545468
3,0,0,0,0,0,0,0,0,0,0,0,1,0,0,0,0,0,0,0,1,0,1,0.2922411616161616,0.0,0.0,0.015712553569072387
3,0,0,0,0,0,0,0,0,0,0,0,1,0,0,0,0,0,0,0,1,0,1,0.46975,0.0,0.0,0.013760683560491965
2,0,0,0,0,0,0,0,0,0,0,0,1,0,0,0,0,0,0,0,1,0,1,0.2922411616161616,0.0,0.0,0.0
1,0,0,0,0,0,0,0,0,0,0,0,1,0,0,0,0,0,0,0,1,0,1,0.69475,0.0,0.0,0.051822148727810165
3,0,0,0,0,0,0,0,0,0,0,0,1,0,0,0,0,0,0,1,0,0,1,0.2922411616161616,0.0,0.0,0.015078195816283748
3,0,0,0,0,0,0,0,0,1,0,0,0,0,0,0,0,0,1,0,0,1,0,0.004125,0.25,0.16666666666666666,0.03758969818624431
3,0,0,0,0,0,0,0,0,0,0,0,1,0,0,0,0,0,0,0,1,0,1,0.2922411616161616,0.0,0.0,0.014151057562208049
3,0,0,0,0,0,0,0,0,0,0,0,1,0,0,0,0,0,0,0,1,0,1,0.46975,0.0,0.0,0.016908073949327893
2,0,0,0,0,0,0,0,0,0,0,0,0,1,0,0,0,0,0,0,1,1,0,0.40725,0.125,0.3333333333333333,0.05416439273810667
2,0,0,0,0,0,0,0,0,0,0,0,0,1,0,0,0,0,1,0,0,1,0,0.28225,0.0,0.0,0.026919605597338588
3,0,0,0,0,0,0,0,0,1,0,0,0,0,0,0,0,0,0,0,1,0,0,0.26975,0.0,0.0,0.019201521209409888
1,0,0,0,0,0,0,0,0,0,0,0,1,0,0,0,0,0,0,0,1,0,1,0.2922411616161616,0.0,0.0,0.10149724044618187
2,0,0,0,0,0,0,0,0,0,0,0,1,0,0,0,0,0,0,0,1,0,1,0.41974999999999996,0.125,0.0,0.04098927018018883
3,0,0,0,0,0,0,0,0,0,0,0,1,0,0,0,0,0,0,0,1,0,1,0.35724999999999996,0.125,0.0,0.013752485706455927
3,0,0,0,0,0,0,0,0,0,0,0,1,0,0,0,0,0,0,0,1,0,1,0.26975,0.0,0.0,0.014679623960531627
3,0,0,0,0,0,0,0,0,1,0,0,0,0,0,0,0,0,0,0,1,1,0,0.01975,0.0,0.16666666666666666,0.023983602730431916
3,0,0,0,0,0,0,0,1,0,0,0,0,0,0,0,0,0,0,0,1,0,1,0.10725,0.625,0.3333333333333333,0.09154270340242172
2,0,0,0,0,0,0,0,0,0,0,0,1,0,0,0,0,0,0,0,1,0,1,0.2922411616161616,0.0,0.0,0.0
3,0,0,0,0,0,0,0,0,0,0,0,1,0,0,0,0,0,0,0,1,0,1,0.61975,0.0,0.0,0.015712553569072387
3,0,0,0,0,0,0,0,0,0,0,0,0,1,0,0,0,0,0,0,1,1,0,0.78225,0.0,0.0,0.018713553707264782
1,0,0,0,0,0,0,0,0,0,0,0,1,0,0,0,0,0,1,0,0,1,1,0.30724999999999997,0.125,0.0,0.17777475888549785
3,0,0,0,0,0,0,0,0,1,0,0,0,0,0,0,0,0,0,0,1,0,0,0.2922411616161616,0.375,0.16666666666666666,0.04970768794751499
1,0,0,0,0,0,0,0,0,0,0,0,0,1,0,0,0,0,0,0,1,1,0,0.43224999999999997,0.125,0.0,0.17566830077223786
1,0,0,0,0,0,0,0,0,0,0,0,1,0,0,0,0,0,1,0,0,0,1,0.71975,0.0,0.0,0.057970539254838485
3,0,0,0,0,0,0,0,0,0,0,0,1,0,0,0,0,0,0,0,1,0,1,0.36974999999999997,0.0,0.0,0.015712553569072387
3,0,0,0,0,0,0,0,1,0,0,0,0,0,0,0,0,0,0,0,1,1,1,0.10725,0.125,0.16666666666666666,0.031034733136428686
3,0,0,0,0,0,0,0,0,0,0,0,1,0,0,0,0,0,0,0,1,0,1,0.2922411616161616,0.125,0.0,0.03897240290032268
3,0,0,0,0,0,0,0,0,0,0,0,1,0,0,0,0,0,0,0,1,0,1,0.25725,0.0,0.0,0.014151057562208049
1,0,0,0,0,0,0,0,0,0,0,0,1,0,0,0,0,0,0,0,1,0,1,0.68225,0.0,0.0,0.05953203526170282
1,0,0,0,0,0,0,0,0,0,0,0,1,0,0,0,0,0,1,0,0,0,1,0.88225,0.0,0.0,0.09662576327876685
3,0,0,0,0,0,0,0,0,0,0,0,1,0,0,0,0,0,0,0,1,0,1,0.25725,0.0,0.0,0.015712553569072387
3,0,0,0,0,0,0,0,0,0,0,0,1,0,0,0,0,0,1,0,0,0,1,0.2922411616161616,0.0,0.0,0.028220722145058292
1,0,0,0,0,0,0,0,0,1,0,0,0,0,0,0,0,0,1,0,0,1,0,0.66975,0.125,0.0,0.1527664244005612
3,0,0,0,0,0,0,0,0,0,0,0,1,0,0,0,0,0,0,0,1,0,1,0.2922411616161616,0.0,0.0,0.029473237129564348
1,0,0,0,0,0,0,0,0,0,0,0,0,1,0,0,0,0,0,0,1,0,0,0.30724999999999997,0.125,0.3333333333333333,0.29580589980036276
3,0,0,0,0,0,0,0,0,0,0,0,1,0,0,0,0,0,0,0,1,0,1,0.29474999999999996,0.0,0.0,0.015216388212891242
3,0,0,0,0,0,0,0,0,0,0,0,1,0,0,0,0,0,0,0,1,0,1,0.20725,0.0,0.0,0.016908073949327893
3,0,0,0,0,0,0,0,0,1,0,0,0,0,0,0,0,0,0,1,0,0,0,0.25725,0.0,0.0,0.015126992566498259
3,0,0,0,0,0,0,0,0,1,0,0,0,0,0,0,0,0,0,1,0,0,0,0.2922411616161616,0.0,0.0,0.014891206669461744
3,0,0,0,0,0,0,0,0,1,0,0,0,0,0,0,0,0,0,0,1,0,0,0.45725,0.0,0.0,0.018713553707264782
1,0,0,0,0,0,0,0,0,1,0,0,0,0,0,0,0,0,0,0,1,1,0,0.19475,0.0,0.0,0.16883675574220638
1,0,0,0,0,0,0,0,0,0,0,0,1,0,0,0,0,0,1,0,0,0,1,0.21974999999999997,0.125,0.0,0.2125586439344078
2,0,0,0,0,0,0,0,0,0,0,0,0,1,0,0,0,0,0,0,1,1,0,0.40725,0.0,0.3333333333333333,0.050748620223090936
1,0,0,0,0,0,0,0,0,0,0,0,1,0,0,0,0,0,0,0,1,1,1,0.2922411616161616,0.0,0.0,0.051822148727810165
3,0,0,0,0,0,0,0,0,0,0,0,1,0,0,0,0,0,0,0,1,0,1,0.34475,0.0,0.0,0.04396587194327397
3,0,0,0,0,0,0,0,0,0,0,0,1,0,0,0,0,0,0,0,1,1,1,0.31975,0.0,0.0,0.11027245763075773
3,0,0,0,0,0,0,0,0,0,0,0,1,0,0,0,0,0,0,1,0,1,1,0.35724999999999996,0.0,0.0,0.015126992566498259
3,0,0,0,0,0,0,0,0,0,0,0,1,0,0,0,0,0,0,0,1,0,1,0.2922411616161616,0.0,0.0,0.015712553569072387
1,0,0,0,0,0,0,0,0,0,0,0,1,0,0,0,0,0,0,0,1,1,1,0.44475,0.0,0.0,0.05130978285055781
1,0,0,0,0,0,0,0,0,0,0,0,0,1,0,0,0,0,1,0,0,1,0,0.66975,0.125,0.0,0.11594107850967697
3,0,0,0,0,0,0,0,0,0,0,0,1,0,0,0,0,0,0,0,1,0,1,0.29474999999999996,0.0,0.0,0.014630827210317115
1,0,0,0,0,0,0,0,0,0,0,0,1,0,0,0,0,0,0,0,1,0,1,0.5822499999999999,0.0,0.0,0.06640417918791278
2,0,0,0,0,0,0,0,0,0,0,0,0,1,0,0,0,0,0,0,1,1,0,0.41974999999999996,0.0,0.0,0.020494635090094415
3,0,0,0,0,0,0,0,0,0,0,0,1,0,0,0,0,0,0,1,0,0,1,0.2922411616161616,0.0,0.0,0.04713766070721715
2,0,0,0,0,0,0,0,0,0,0,0,0,1,0,0,0,0,0,0,1,1,0,0.44475,0.125,0.0,0.050748620223090936
3,0,0,0,0,0,0,0,0,0,0,0,1,0,0,0,0,0,0,0,1,0,1,0.39475,0.0,0.0,0.015411575213749284
1,0,0,0,0,0,0,0,0,1,0,0,0,0,0,0,0,0,0,0,1,1,0,0.36974999999999997,0.0,0.0,0.18249984580226933
3,0,0,0,0,0,0,0,0,0,0,0,1,0,0,0,0,0,0,0,1,0,1,0.26975,0.0,0.0,0.015411575213749284
3,0,0,0,0,0,0,0,0,0,0,0,1,0,0,0,0,0,1,0,0,0,1,0.2922411616161616,0.0,0.0,0.014102260811993537
1,0,0,0,0,0,0,0,0,0,0,0,0,1,0,0,0,0,1,0,0,1,0,0.54475,0.0,0.16666666666666666,0.11316786160148591
3,0,0,0,0,0,0,0,0,0,0,0,1,0,0,0,0,0,1,0,0,0,1,0.2922411616161616,0.0,0.0,0.014110458666029575
3,0,0,0,0,0,0,0,0,0,0,0,1,0,0,0,0,0,0,1,0,0,1,0.501,0.0,0.0,0.015126992566498259
2,0,0,0,0,0,0,0,0,1,0,0,0,0,0,0,0,0,0,0,1,1,0,0.61975,0.0,0.0,0.020494635090094415
1,0,0,0,0,0,0,0,0,0,0,0,1,0,0,0,0,0,0,0,1,0,1,0.2922411616161616,0.0,0.0,0.4328841690069588
3,0,0,0,0,0,0,0,0,0,0,0,1,0,0,0,0,0,0,0,1,0,1,0.48224999999999996,0.0,0.0,0.015468569817999833
2,0,0,0,0,0,0,0,0,0,0,0,1,0,0,0,0,0,0,0,1,0,1,0.28225,0.25,0.16666666666666666,0.022446505098674834
2,0,0,0,0,0,0,0,0,1,0,0,0,0,0,0,0,0,0,0,1,1,0,0.01975,0.125,0.16666666666666666,0.050748620223090936
3,0,0,0,0,0,0,0,0,0,0,0,1,0,0,0,0,0,1,0,0,0,1,0.2922411616161616,0.0,0.0,0.014110458666029575
3,0,0,0,0,0,0,0,0,0,0,0,1,0,0,0,0,0,1,0,0,0,1,0.20725,0.125,0.16666666666666666,0.014110458666029575
3,0,0,0,0,0,0,0,0,0,0,0,0,1,0,0,0,0,1,0,0,1,0,0.2922411616161616,0.0,0.3333333333333333,0.04364049521284361
3,0,0,0,0,0,0,0,0,1,0,0,0,0,0,0,0,0,0,0,1,0,0,0.36974999999999997,0.0,0.0,0.016908073949327893
2,0,0,0,0,0,0,0,0,1,0,0,0,0,0,0,0,0,0,0,1,1,0,0.08225,0.0,0.3333333333333333,0.05123658772523604
1,0,0,0,0,0,0,1,0,0,0,0,0,0,0,0,0,0,0,0,1,0,1,0.55725,0.0,0.0,0.051822148727810165
1,0,0,0,0,0,0,0,0,1,0,0,0,0,0,0,0,0,1,0,0,1,0,0.36974999999999997,0.0,0.0,0.20772776566317125
3,0,0,0,0,0,0,0,0,0,0,0,1,0,0,0,0,0,0,0,1,0,1,0.2922411616161616,0.0,0.0,0.028302115124416098
1,0,0,0,0,0,0,0,0,1,0,0,0,0,0,0,0,0,1,0,0,1,0,0.26975,0.0,0.3333333333333333,0.09661756542473081
1,0,0,0,0,0,0,0,0,1,0,0,0,0,0,0,0,0,0,0,1,1,0,0.44475,0.0,0.3333333333333333,0.13858277060920984
3,0,0,0,0,0,0,0,0,1,0,0,0,0,0,0,0,0,0,0,1,0,0,0.10725,0.5,0.3333333333333333,0.06104473451835265
3,0,0,0,0,0,0,0,0,1,0,0,0,0,0,0,0,0,0,0,1,0,0,0.13225,0.5,0.3333333333333333,0.06104473451835265
2,0,0,0,0,0,0,0,0,0,0,0,1,0,0,0,0,0,0,0,1,1,1,0.39475,0.125,0.0,0.050748620223090936
1,0,0,0,0,0,0,0,0,0,0,0,1,0,0,0,0,0,1,0,0,0,1,0.61975,0.125,0.0,0.20772776566317125
1,0,0,0,0,0,0,0,0,0,0,0,1,0,0,0,0,0,0,0,1,0,1,0.79475,0.0,0.0,0.050748620223090936
2,0,0,0,0,0,0,0,0,0,0,0,0,1,0,0,0,0,0,0,1,1,0,0.23224999999999998,0.125,0.0,0.050748620223090936
2,0,0,0,0,0,0,0,0,0,0,0,1,0,0,0,0,0,1,0,0,1,1,0.2922411616161616,0.0,0.0,0.02705779799394608
3,0,0,0,0,0,0,0,0,0,0,0,1,0,0,0,0,0,0,0,1,0,1,0.40725,0.125,0.16666666666666666,0.04006213192611313
2,0,0,0,0,0,0,0,1,0,0,0,0,0,0,0,0,0,0,0,1,1,1,0.09475,0.125,0.16666666666666666,0.07173122281533045
1,0,0,0,0,0,0,0,0,0,0,0,1,0,0,0,0,0,1,0,0,1,1,0.20725,0.0,0.3333333333333333,0.21642978772242535
2,0,0,0,0,0,0,0,0,0,0,0,1,0,0,0,0,0,0,0,1,0,1,0.33225,0.0,0.0,0.050748620223090936
3,0,0,0,0,0,0,0,0,0,0,0,1,0,0,0,0,0,0,1,0,0,1,0.2922411616161616,0.0,0.0,0.015281580671177828
3,0,0,0,0,0,0,0,0,0,0,0,1,0,0,0,0,0,1,0,0,1,1,0.26975,0.0,0.0,0.014102260811993537
3,0,0,0,0,0,0,0,0,1,0,0,0,0,0,0,0,0,0,0,1,1,0,0.26975,0.0,0.0,0.015175789316712771
1,0,0,0,0,0,0,0,0,0,0,0,1,0,0,0,0,0,0,0,1,0,1,0.7697499999999999,0.0,0.0,0.051822148727810165
1,0,0,0,0,0,1,0,0,0,0,0,0,0,0,0,0,0,1,0,0,1,0,0.59475,0.125,0.0,0.07729405233978466
1,0,0,0,0,0,0,0,0,0,0,0,1,0,0,0,0,0,1,0,0,0,1,0.2922411616161616,0.0,0.0,0.4440992237022602
1,0,0,0,0,0,0,0,0,0,0,0,0,1,0,0,0,0,0,0,1,1,0,0.48224999999999996,0.125,0.16666666666666666,0.1554664461834305
3,0,0,0,0,0,0,0,0,0,0,0,0,1,0,0,0,0,0,0,1,1,0,0.44475,0.125,0.0,0.033962538149299316
3,0,0,0,0,0,0,0,0,0,0,0,1,0,0,0,0,0,0,1,0,0,1,0.2922411616161616,0.0,0.0,0.015126992566498259
3,0,0,0,0,0,0,0,0,0,0,0,1,0,0,0,0,0,0,0,1,0,1,0.49474999999999997,0.0,0.0,0.015411575213749284
2,0,0,0,0,0,0,0,0,0,0,0,1,0,0,0,0,0,0,0,1,0,1,0.34475,0.0,0.0,0.026350245115835676
3,0,0,0,0,0,0,0,0,0,0,0,1,0,0,0,0,0,0,0,1,0,1,0.2922411616161616,0.0,0.0,0.015712553569072387
3,0,0,0,0,0,0,0,0,1,0,0,0,0,0,0,0,0,0,0,1,0,0,0.2922411616161616,0.0,0.0,0.015712553569072387
3,0,0,0,0,0,0,0,0,0,0,0,1,0,0,0,0,0,0,0,1,0,1,0.29474999999999996,0.25,0.0,0.04713766070721715
3,0,0,0,0,0,0,0,0,0,0,0,1,0,0,0,0,0,0,0,1,0,1,0.23224999999999998,0.0,0.0,0.015411575213749284
3,0,0,0,0,0,0,0,0,0,0,0,0,1,0,0,0,0,0,0,1,0,0,0.35724999999999996,0.0,0.6666666666666666,0.04113566043083236
3,0,0,0,0,0,0,0,0,0,0,0,1,0,0,0,0,0,1,0,0,0,1,0.2922411616161616,0.0,0.0,0.014110458666029575
3,0,0,0,0,0,0,0,0,0,0,0,1,0,0,0,0,0,0,0,1,1,1,0.39475,0.0,0.0,0.015330377421392339
2,0,0,0,0,0,0,0,0,0,0,0,1,0,0,0,0,0,0,0,1,1,1,0.7697499999999999,0.0,0.0,0.020494635090094415
1,0,0,0,0,0,0,0,0,0,0,0,0,1,0,0,0,0,0,0,1,1,0,0.65725,0.25,0.0,0.10048070654571319
1,0,0,0,0,0,0,0,0,0,0,0,1,0,0,0,0,0,0,0,1,1,1,0.44475,0.0,0.0,0.051504969851415845
3,0,0,0,0,0,0,0,0,1,0,0,0,0,0,0,0,0,0,1,0,1,0,0.2922411616161616,0.0,0.0,0.015126992566498259
3,0,0,0,0,0,0,0,0,0,0,0,1,0,0,0,0,0,0,0,1,0,1,0.19475,0.0,0.0,0.015712553569072387
3,0,0,0,0,0,0,0,0,0,0,0,1,0,0,0,0,0,0,0,1,0,1,0.23224999999999998,0.0,0.0,0.028302115124416098
2,0,0,0,0,0,0,0,0,1,0,0,0,0,0,0,0,0,0,0,1,1,0,0.41974999999999996,0.0,0.0,0.025374310111545468
1,0,0,0,0,0,0,0,0,0,0,0,0,1,0,0,0,0,0,0,1,1,0,0.48224999999999996,0.125,0.0,0.1091095334796455
3,0,0,0,0,0,0,0,0,0,0,0,0,1,0,0,0,0,1,0,0,0,0,0.2922411616161616,0.125,0.0,0.028220722145058292
3,0,0,0,0,0,0,0,0,0,0,0,1,0,0,0,0,0,0,0,1,1,1,0.39475,0.0,0.0,0.015468569817999833
2,0,0,0,0,0,0,0,0,1,0,0,0,0,0,0,0,0,0,0,1,1,0,0.30724999999999997,0.125,0.16666666666666666,0.05855610025741261
1,0,0,0,0,0,0,0,0,0,0,0,0,1,0,0,0,0,1,0,0,1,0,0.48224999999999996,0.125,0.16666666666666666,0.21642978772242535
2,0,0,0,0,0,0,0,0,0,0,0,1,0,0,0,0,0,0,0,1,0,1,0.66975,0.0,0.0,0.050748620223090936
1,0,0,0,0,0,0,0,0,0,0,0,1,0,0,0,0,0,1,0,0,0,1,0.44475,0.0,0.0,0.07831878409428937
3,0,0,0,0,0,0,0,0,0,0,0,1,0,0,0,0,0,1,0,0,0,1,0.2922411616161616,0.0,0.0,0.017005667449756914
1,0,0,0,0,0,0,0,0,1,0,0,0,0,0,0,0,0,0,0,1,1,0,0.21974999999999997,0.0,0.3333333333333333,0.1554664461834305
2,0,0,0,0,0,0,0,0,0,0,0,1,0,0,0,0,0,0,0,1,0,1,0.5822499999999999,0.0,0.0,0.029278050128706306
1,0,0,0,0,0,0,0,0,0,0,0,1,0,0,0,0,0,1,0,0,1,1,0.74475,0.125,0.16666666666666666,0.15458810467956932
3,0,0,0,0,0,0,0,0,0,0,0,1,0,0,0,0,0,0,0,1,0,1,0.26975,0.0,0.0,0.015712553569072387
3,0,0,0,0,0,0,0,0,0,0,0,1,0,0,0,0,0,0,0,1,0,1,0.2922411616161616,0.0,0.0,0.015712553569072387
3,0,0,0,0,0,0,0,0,0,0,0,1,0,0,0,0,0,0,0,1,0,1,0.43224999999999997,0.0,0.0,0.013907073811135496
1,0,0,0,0,0,0,0,0,0,0,0,0,1,0,0,0,0,1,0,0,1,0,0.6447499999999999,0.125,0.0,0.1527664244005612
3,0,0,0,0,0,0,0,0,0,0,0,1,0,0,0,0,0,0,0,1,0,1,0.5822499999999999,0.0,0.0,0.014151057562208049
3,0,0,0,0,0,0,0,0,1,0,0,0,0,0,0,0,0,0,1,0,0,0,0.2922411616161616,0.0,0.3333333333333333,0.015126992566498259
2,0,0,0,0,0,0,0,0,0,0,0,1,0,0,0,0,0,0,0,1,0,1,0.45725,0.125,0.0,0.050748620223090936
3,0,0,0,0,0,0,0,0,0,0,0,1,0,0,0,0,0,0,0,1,0,1,0.44475,0.125,0.16666666666666666,0.04713766070721715
2,0,0,0,0,0,0,0,0,1,0,0,0,0,0,0,0,0,0,0,1,1,0,0.2922411616161616,0.0,0.0,0.06441171028315387
3,0,0,0,0,0,0,0,0,0,0,0,1,0,0,0,0,0,0,0,1,0,1,0.60725,0.0,0.0,0.0
3,0,0,0,0,0,0,0,0,0,0,0,1,0,0,0,0,0,1,0,0,0,1,0.2922411616161616,0.0,0.0,0.014102260811993537
1,0,0,0,0,0,0,0,0,0,0,0,0,0,0,0,1,0,1,0,0,1,1,0.60725,0.125,0.0,0.11111839809247648
2,0,0,0,0,0,0,0,0,0,0,0,0,1,0,0,0,0,0,0,1,1,0,0.29474999999999996,0.25,0.16666666666666666,0.05270049023167135
3,0,0,0,0,0,0,0,0,0,0,0,1,0,0,0,0,0,0,0,1,0,1,0.2922411616161616,0.0,0.0,0.015411575213749284
1,0,0,0,0,0,0,0,0,0,0,0,1,0,0,0,0,0,0,0,1,0,1,0.2922411616161616,0.0,0.0,0.08275928836380983
3,0,0,0,0,0,0,0,0,0,0,0,1,0,0,0,0,0,0,0,1,0,1,0.54475,0.0,0.0,0.015712553569072387
1,0,0,0,0,0,0,0,0,0,0,0,1,0,0,0,0,0,1,0,0,1,1,0.43224999999999997,0.0,0.0,0.051822148727810165
3,0,0,0,0,0,0,0,0,0,0,0,1,0,0,0,0,0,0,0,1,0,1,0.44475,0.125,0.0,0.030351578633425542
3,0,0,0,0,0,0,0,0,0,0,0,1,0,0,0,0,0,0,0,1,0,1,0.36974999999999997,0.0,0.0,0.015411575213749284
1,0,0,0,0,0,0,0,0,0,0,0,1,0,0,0,0,0,0,0,1,1,1,0.33225,0.0,0.0,0.05953203526170282
2,0,0,0,0,0,0,0,0,0,0,0,0,1,0,0,0,0,1,0,0,1,0,0.26975,0.125,0.3333333333333333,0.08115719346076702
1,0,0,0,0,0,0,0,0,1,0,0,0,0,0,0,0,0,0,0,1,1,0,0.49474999999999997,0.0,0.0,0.2995388511917728
3,0,0,0,0,0,0,0,0,0,0,0,0,1,0,0,0,0,0,0,1,0,0,0.48224999999999996,0.125,0.8333333333333334,0.06104473451835265
3,0,0,0,0,0,0,0,0,0,0,0,1,0,0,0,0,0,0,0,1,0,1,0.2922411616161616,0.0,0.0,0.013760683560491965
3,0,0,0,0,0,0,0,0,1,0,0,0,0,0,0,0,0,0,1,0,1,0,0.2922411616161616,0.125,0.0,0.030253985132996517
3,0,0,0,0,0,0,0,0,0,0,0,1,0,0,0,0,0,0,1,0,0,1,0.2922411616161616,0.0,0.0,0.015126992566498259
3,0,0,0,0,0,0,0,0,0,0,0,1,0,0,0,0,0,0,0,1,0,1,0.43224999999999997,0.0,0.0,0.015712553569072387
2,0,0,0,0,0,0,0,0,1,0,0,0,0,0,0,0,0,0,0,1,1,0,0.29474999999999996,0.125,0.3333333333333333,0.12687155055772734
3,0,0,0,0,0,0,0,0,0,0,0,1,0,0,0,0,0,0,0,1,0,1,0.41974999999999996,0.125,0.16666666666666666,0.028106928123558056
3,0,0,0,0,0,0,0,0,0,0,0,0,1,0,0,0,0,0,0,1,0,0,0.31975,0.125,0.0,0.031425107138144774
2,0,0,0,0,0,0,0,0,1,0,0,0,0,0,0,0,0,0,0,1,1,0,0.04475,0.25,0.16666666666666666,0.0761229303346364
2,0,0,0,0,0,0,0,0,0,0,0,1,0,0,0,0,0,0,0,1,0,1,0.31975,0.0,0.0,0.020494635090094415
3,0,0,0,0,0,0,0,0,0,0,0,1,0,0,0,0,0,1,0,0,0,1,0.33225,0.125,0.0,0.028212719478023115
1,0,0,0,0,0,0,0,0,0,0,0,1,0,0,0,0,0,0,0,1,1,1,0.5197499999999999,0.125,0.0,0.10257896680493714
3,0,0,0,0,0,0,0,0,0,0,0,1,0,0,0,0,0,1,0,0,1,1,0.24474999999999997,0.125,0.16666666666666666,0.030725752114070404
3,0,0,0,0,0,0,0,0,0,0,0,1,0,0,0,0,0,0,0,1,0,1,0.25725,0.0,0.0,0.015330377421392339
3,0,0,0,0,0,0,0,0,0,0,0,1,0,0,0,0,0,0,0,1,0,1,0.25725,0.0,0.0,0.031425107138144774
1,0,0,0,0,0,0,0,0,0,0,0,1,0,0,0,0,0,0,0,1,0,1,0.75725,0.0,0.0,0.06308600017332605
2,0,0,0,0,0,0,0,0,0,0,0,0,0,0,1,0,0,0,1,0,0,1,0.7072499999999999,0.0,0.0,0.024105594605968193
1,0,0,0,0,0,0,0,0,1,0,0,0,0,0,0,0,0,0,0,1,1,0,0.25725,0.0,0.0,0.15216446768991498
3,0,0,0,0,0,0,0,0,0,0,0,1,0,0,0,0,0,0,0,1,0,1,0.31975,0.0,0.0,0.015411575213749284
3,0,0,0,0,0,0,0,0,0,0,0,1,0,0,0,0,0,0,1,0,0,1,0.2922411616161616,0.0,0.0,0.015094396337354966
1,0,0,0,0,0,0,0,0,0,0,0,1,0,0,0,0,0,0,0,1,1,1,0.99475,0.0,0.0,0.05855610025741261
3,0,0,0,0,0,0,0,0,0,0,0,1,0,0,0,0,0,0,0,1,0,1,0.63225,0.0,0.0,0.013768881414528002
1,0,0,0,1,0,0,0,0,0,0,0,0,0,0,0,0,0,1,0,0,1,1,0.39475,0.0,0.0,0.05953203526170282
1,0,0,0,0,0,0,0,0,0,0,0,1,0,0,0,0,0,0,0,1,0,1,0.2922411616161616,0.0,0.0,0.0
3,0,0,0,0,0,0,0,0,1,0,0,0,0,0,0,0,0,0,0,1,0,0,0.10725,0.375,0.3333333333333333,0.05445717323939373
2,0,0,0,0,0,0,0,0,1,0,0,0,0,0,0,0,0,0,0,1,1,0,0.34475,0.0,0.0,0.025374310111545468
3,0,0,0,0,0,0,0,0,0,0,0,1,0,0,0,0,0,0,0,1,0,1,0.39475,0.0,0.0,0.015468569817999833
2,0,0,0,0,0,0,0,0,0,0,0,1,0,0,0,0,0,0,0,1,0,1,0.38225,0.125,0.16666666666666666,0.05123658772523604
3,0,0,0,0,0,0,0,0,0,0,0,0,1,0,0,0,0,0,0,1,0,0,0.50725,0.0,0.8333333333333334,0.07746484096553544
3,0,0,0,0,0,0,0,0,0,0,0,1,0,0,0,0,0,0,0,1,0,1,0.2922411616161616,0.125,0.0,0.031425107138144774
3,0,0,0,0,0,0,0,0,0,0,0,1,0,0,0,0,0,0,0,1,0,1,0.24474999999999997,0.0,0.0,0.015330377421392339
1,0,0,0,0,0,0,0,0,0,1,0,0,0,0,0,0,0,1,0,0,1,0,0.29474999999999996,0.0,0.0,0.13526459159462315
3,0,0,0,0,0,0,0,0,1,0,0,0,0,0,0,0,0,0,0,1,0,0,0.01975,0.375,0.3333333333333333,0.05445717323939373
3,0,0,0,0,0,0,0,0,0,0,0,1,0,0,0,0,0,0,0,1,1,1,0.2922411616161616,0.0,0.0,0.11027245763075773
3,0,0,0,0,0,0,0,0,1,0,0,0,0,0,0,0,0,1,0,0,1,0,0.004125,0.25,0.16666666666666666,0.03758969818624431
1,0,0,0,0,0,0,0,0,0,0,0,1,0,0,0,0,0,1,0,0,1,1,0.59475,0.125,0.0,0.1497654242623688
3,0,0,0,0,0,0,0,0,0,0,0,1,0,0,0,0,0,0,0,1,0,1,0.23224999999999998,0.0,0.0,0.015411575213749284
1,0,1,0,0,0,0,0,0,0,0,0,0,0,0,0,0,0,1,0,0,1,1,0.69475,0.0,0.0,0.06929138530460492
3,0,0,0,0,0,0,0,0,0,0,0,1,0,0,0,0,0,0,0,1,0,1,0.2922411616161616,0.0,0.0,0.014736618564782174
3,0,0,0,0,0,0,0,0,1,0,0,0,0,0,0,0,0,0,0,1,1,0,0.28225,0.0,0.0,0.014736618564782174
3,0,0,0,0,0,0,0,0,0,0,0,1,0,0,0,0,0,0,0,1,0,1,0.2922411616161616,0.0,0.0,0.015411575213749284
2,0,0,0,0,0,0,0,0,1,0,0,0,0,0,0,0,0,0,0,1,1,0,0.21974999999999997,0.0,0.16666666666666666,0.04489301019734967
3,0,0,0,0,0,0,0,0,0,0,0,1,0,0,0,0,0,0,0,1,0,1,0.25725,0.0,0.0,0.01646070534336126
3,0,0,0,0,0,0,0,0,1,0,0,0,0,0,0,0,0,0,1,0,1,0,0.2922411616161616,0.0,0.0,0.015281580671177828
3,0,0,0,0,0,0,0,0,1,0,0,0,0,0,0,0,0,0,1,0,0,0,0.21974999999999997,0.0,0.0,0.013175122557917838
2,0,0,0,0,0,0,0,0,0,0,0,1,0,0,0,0,0,0,0,1,0,1,0.29474999999999996,0.25,0.0,0.1434624456306609
3,0,0,0,0,0,0,0,0,0,0,0,1,0,0,0,0,0,0,0,1,0,1,0.2922411616161616,0.0,0.0,0.015411575213749284
3,0,0,0,0,0,0,0,0,0,0,0,0,1,0,0,0,0,0,1,0,0,0,0.39475,0.125,0.16666666666666666,0.030253985132996517
2,0,0,0,0,0,0,0,0,0,0,0,1,0,0,0,0,0,0,0,1,0,1,0.28225,0.0,0.0,0.025374310111545468
1,0,0,0,0,0,0,0,0,0,0,0,1,0,0,0,0,0,1,0,0,0,1,0.71975,0.0,0.3333333333333333,0.22109807522194713
1,0,0,0,1,0,0,0,0,0,0,0,0,0,0,0,0,0,0,0,1,1,1,0.61975,0.25,0.0,0.2608674266467732
3,0,0,0,0,0,0,0,0,0,0,0,1,0,0,0,0,0,1,0,0,0,1,0.49474999999999997,0.0,0.0,0.014102260811993537
1,0,0,0,0,0,0,0,0,0,0,0,1,0,0,0,0,0,0,0,1,0,1,0.5822499999999999,0.0,0.0,0.04994347384455151
3,0,0,0,0,0,0,0,0,0,0,0,1,0,0,0,0,0,0,0,1,0,1,0.44475,0.0,0.0,0.014630827210317115
3,0,0,0,0,0,0,0,0,0,0,0,1,0,0,0,0,0,0,0,1,1,1,0.24474999999999997,0.125,0.0,0.015468569817999833
2,0,0,0,0,0,0,0,0,0,0,0,1,0,0,0,0,0,0,0,1,0,1,0.39475,0.25,0.0,0.1434624456306609
2,0,0,0,0,0,0,0,0,0,0,0,1,0,0,0,0,0,0,0,1,0,1,0.30724999999999997,0.0,0.0,0.025374310111545468
3,0,0,0,0,0,0,0,0,0,0,0,1,0,0,0,0,0,0,0,1,0,1,0.2922411616161616,0.0,0.0,0.015175789316712771
3,0,0,0,0,0,0,0,0,0,0,0,1,0,0,0,0,0,0,0,1,0,1,0.53225,0.0,0.0,0.015712553569072387
1,0,0,0,0,0,0,0,0,0,0,0,0,1,0,0,0,0,0,0,1,1,0,0.2922411616161616,0.125,0.0,0.10149724044618187
2,0,0,0,0,0,0,0,0,0,0,0,0,1,0,0,0,0,0,0,1,1,0,0.49474999999999997,0.125,0.16666666666666666,0.0761229303346364
1,0,0,0,0,0,0,0,0,0,0,0,1,0,0,0,0,0,0,0,1,0,1,0.38225,0.125,0.0,0.10149724044618187
2,0,0,0,0,0,0,0,0,0,0,0,1,0,0,0,0,0,0,0,1,0,1,0.86975,0.0,0.0,0.020494635090094415
2,0,0,0,0,0,0,0,0,0,0,0,1,0,0,0,0,0,0,0,1,1,1,0.38225,0.0,0.0,0.025374310111545468
2,0,0,0,0,0,0,0,0,0,0,0,1,0,0,0,0,0,0,0,1,0,1,0.2922411616161616,0.0,0.0,0.0
3,0,0,0,0,0,0,0,0,0,0,0,1,0,0,0,0,0,0,0,1,0,1,0.21974999999999997,0.0,0.0,0.015175789316712771
3,0,0,0,0,0,0,0,0,0,0,0,1,0,0,0,0,0,0,0,1,0,1,0.301,0.0,0.0,0.015712553569072387
3,0,0,0,0,0,0,0,0,1,0,0,0,0,0,0,0,0,0,0,1,1,0,0.21974999999999997,0.0,0.0,0.019209719063445922
3,0,0,0,0,0,0,0,0,0,0,0,0,1,0,0,0,0,0,0,1,0,0,0.53225,0.125,1.0,0.09154270340242172
1,0,0,0,0,0,0,0,0,0,0,0,1,0,0,0,0,0,1,0,0,1,1,0.44475,0.0,0.16666666666666666,1.0
3,0,0,0,0,0,0,0,0,1,0,0,0,0,0,0,0,0,0,1,0,0,0,0.2922411616161616,0.0,0.0,0.01588334219482317
1,0,0,0,0,0,0,0,0,0,0,0,1,0,0,0,0,0,1,0,0,1,1,0.33225,0.0,0.0,0.1497654242623688
3,0,0,0,0,0,0,0,0,0,0,0,1,0,0,0,0,0,0,0,1,0,1,0.24474999999999997,0.0,0.0,0.01800600082915438
3,0,0,0,0,0,0,0,0,0,0,0,1,0,0,0,0,0,0,0,1,0,1,0.16975,0.625,0.3333333333333333,0.09154270340242172
2,0,0,0,0,0,0,0,0,0,0,0,1,0,0,0,0,0,0,0,1,0,1,0.74475,0.125,0.16666666666666666,0.0761229303346364
2,0,0,0,0,0,0,0,0,0,0,0,1,0,0,0,0,0,1,0,0,0,1,0.30724999999999997,0.125,0.3333333333333333,0.08115719346076702
3,0,0,0,0,0,0,0,0,0,0,0,1,0,0,0,0,0,0,0,1,0,1,0.16975,0.5,0.16666666666666666,0.07746484096553544
3,0,0,0,0,0,0,0,0,0,0,0,1,0,0,0,0,0,0,0,1,0,1,0.23224999999999998,0.0,0.0,0.019852079483269742
3,0,0,0,0,0,0,0,0,0,0,0,1,0,0,0,0,0,0,0,1,0,1,0.21974999999999997,0.0,0.0,0.015216388212891242
1,0,0,0,0,0,0,0,0,1,0,0,0,0,0,0,0,0,0,0,1,1,0,0.18225,0.0,0.16666666666666666,0.41250332793836464
1,0,0,0,0,0,0,0,0,0,0,0,1,0,0,0,0,0,0,0,1,1,1,0.38225,0.125,0.0,0.11125659048908397
3,0,0,0,0,0,0,0,0,1,0,0,0,0,0,0,0,0,1,0,0,1,0,0.04475,0.0,0.16666666666666666,0.026187654344120927
3,0,0,0,0,0,0,0,0,0,0,0,1,0,0,0,0,0,0,0,1,1,1,0.2922411616161616,0.0,0.0,0.11027245763075773
3,0,0,0,0,0,0,0,0,0,0,0,1,0,0,0,0,0,1,0,0,0,1,0.30724999999999997,0.0,0.0,0.014102260811993537
1,0,1,0,0,0,0,0,0,0,0,0,0,0,0,0,0,0,0,0,1,0,1,0.74475,0.0,0.0,0.051822148727810165
2,0,0,0,0,0,0,0,0,0,0,0,1,0,0,0,0,0,0,0,1,0,1,0.6447499999999999,0.0,0.0,0.026350245115835676
3,0,0,0,0,0,0,0,0,0,0,0,1,0,0,0,0,0,0,0,1,0,1,0.54475,0.0,0.0,0.015712553569072387
3,0,0,0,0,0,0,0,0,1,0,0,0,0,0,0,0,0,0,1,0,1,0,0.2922411616161616,0.0,0.0,0.015094396337354966
1,0,0,0,0,0,0,0,0,0,0,0,1,0,0,0,0,0,1,0,0,0,1,0.60725,0.125,0.16666666666666666,0.21642978772242535
3,0,0,0,0,0,0,0,0,0,0,0,1,0,0,0,0,0,0,0,1,0,1,0.5197499999999999,0.0,0.0,0.014931805565640218
1,0,0,0,0,0,0,0,0,0,0,0,0,1,0,0,0,0,1,0,0,1,0,0.21974999999999997,0.125,0.0,0.4440992237022602
1,0,0,0,0,0,0,0,0,0,0,0,1,0,0,0,0,0,0,0,1,1,1,0.43224999999999997,0.0,0.0,0.05130978285055781
3,0,0,0,0,0,0,0,0,1,0,0,0,0,0,0,0,0,1,0,0,0,0,0.21974999999999997,0.0,0.16666666666666666,0.028212719478023115
3,0,0,0,0,0,0,0,0,0,0,0,1,0,0,0,0,0,0,1,0,0,1,0.30724999999999997,0.0,0.0,0.01511079204542704
3,0,0,0,0,0,0,0,0,0,0,0,1,0,0,0,0,0,0,0,1,0,1,0.31975,0.125,0.0,0.015330377421392339
2,0,0,0,0,0,0,0,0,0,0,0,1,0,0,0,0,0,0,0,1,0,1,0.48224999999999996,0.0,0.0,0.050748620223090936
2,0,0,0,0,0,0,0,0,0,0,0,0,1,0,0,0,0,0,0,1,1,0,0.55725,0.0,0.0,0.026350245115835676
1,0,0,0,0,0,0,0,0,0,0,0,1,0,0,0,0,0,0,0,1,1,1,0.5197499999999999,0.0,0.0,0.05130978285055781
1,0,0,0,0,0,0,0,0,1,0,0,0,0,0,0,0,0,0,0,1,1,0,0.26975,0.0,0.0,0.29580589980036276
3,0,0,0,0,0,0,0,1,0,0,0,0,0,0,0,0,0,1,0,0,1,1,0.2922411616161616,0.125,0.16666666666666666,0.029757819776815374
1,0,0,0,0,0,0,0,0,0,1,0,0,0,0,0,0,0,1,0,0,1,0,0.29474999999999996,0.0,0.0,0.09662576327876685
1,0,0,0,0,0,0,0,0,0,0,0,1,0,0,0,0,0,0,0,1,0,1,0.2922411616161616,0.0,0.0,0.051822148727810165
1,0,0,0,0,0,0,0,0,0,0,0,1,0,0,0,0,0,0,0,1,1,1,0.59475,0.125,0.0,0.10149724044618187
3,0,0,0,0,0,0,0,0,0,0,0,1,0,0,0,0,0,0,0,1,0,1,0.35724999999999996,0.0,0.0,0.018510168852370702
2,0,0,0,0,0,0,0,0,0,0,0,1,0,0,0,0,0,0,0,1,0,1,0.6447499999999999,0.0,0.0,0.025374310111545468
3,0,0,0,0,0,0,0,0,0,0,0,1,0,0,0,0,0,0,0,1,0,1,0.23224999999999998,0.0,0.0,0.014931805565640218
1,0,0,0,0,0,0,0,0,1,0,0,0,0,0,0,0,0,1,0,0,1,0,0.46975,0.0,0.0,0.4440992237022602
2,0,0,0,0,0,0,0,0,1,0,0,0,0,0,0,0,0,0,0,1,1,0,0.33225,0.0,0.0,0.020494635090094415
3,0,0,0,0,0,0,0,0,0,0,0,1,0,0,0,0,0,0,1,0,0,1,0.2922411616161616,0.0,0.0,0.030253985132996517
3,0,0,0,0,0,0,0,0,0,0,0,1,0,0,0,0,0,0,0,1,0,1,0.40725,0.0,0.0,0.015175789316712771
2,0,0,0,0,0,0,0,0,1,0,0,0,0,0,0,0,0,0,0,1,1,0,0.06975,0.0,0.16666666666666666,0.06441171028315387
3,0,0,0,0,0,0,0,0,0,0,0,1,0,0,0,0,0,0,0,1,0,1,0.20725,0.125,0.0,0.013768881414528002
2,0,0,0,0,0,0,0,0,0,0,0,1,0,0,0,0,0,0,0,1,0,1,0.41974999999999996,0.0,0.0,0.025374310111545468
2,0,0,0,0,0,0,0,0,0,0,0,1,0,0,0,0,0,0,0,1,0,1,0.61975,0.0,0.0,0.025374310111545468
1,0,0,0,0,0,0,0,0,0,0,0,1,0,0,0,0,0,0,0,1,1,1,0.33225,0.125,0.0,0.10364429745562033
3,0,0,0,0,0,0,0,0,0,0,0,1,0,0,0,0,0,0,0,1,0,1,0.24474999999999997,0.0,0.0,0.016908073949327893
2,0,0,0,0,0,0,0,0,0,0,0,0,1,0,0,0,0,0,0,1,1,0,0.36974999999999997,0.375,0.0,0.04098927018018883
3,0,0,0,0,0,0,0,0,1,0,0,0,0,0,0,0,0,0,1,0,1,0,0.2922411616161616,0.0,0.0,0.015102594191391002
2,0,0,0,0,0,0,0,0,0,0,0,1,0,0,0,0,0,0,0,1,0,1,0.30724999999999997,0.125,0.0,0.050748620223090936
3,0,0,0,0,0,0,0,0,1,0,0,0,0,0,0,0,0,0,0,1,0,0,0.30724999999999997,0.125,0.0,0.015468569817999833
1,0,0,0,0,0,0,0,0,1,0,0,0,0,0,0,0,0,0,0,1,1,0,0.35724999999999996,0.0,0.0,0.41250332793836464
3,0,0,0,0,0,0,0,0,0,0,0,1,0,0,0,0,0,1,0,0,0,1,0.13225,0.0,0.0,0.036670757786204655
2,0,0,0,0,0,0,0,0,0,0,0,1,0,0,0,0,0,0,0,1,0,1,0.2922411616161616,0.0,0.0,0.0
2,0,0,0,0,0,0,0,0,0,0,0,1,0,0,0,0,0,0,0,1,0,1,0.28225,0.0,0.0,0.025374310111545468
2,0,0,0,0,0,0,0,0,0,0,0,1,0,0,0,0,0,0,0,1,0,1,0.28225,0.0,0.0,0.025374310111545468
3,0,0,0,0,0,0,0,0,0,0,0,1,0,0,0,0,0,0,0,1,0,1,0.351,0.0,0.0,0.031425107138144774
3,0,0,0,0,0,0,0,0,0,0,0,0,1,0,0,0,0,0,0,1,0,0,0.59475,0.125,0.5,0.06709553154495196
1,0,0,0,0,0,0,0,0,0,0,0,1,0,0,0,0,0,1,0,0,1,1,0.43224999999999997,0.0,0.0,1.0
3,0,0,0,0,0,0,0,0,0,0,0,1,0,0,0,0,0,0,0,1,0,1,0.2922411616161616,0.0,0.0,0.015411575213749284
3,0,0,0,0,0,0,0,0,0,0,0,1,0,0,0,0,0,0,0,1,0,1,0.2922411616161616,0.0,0.0,0.015411575213749284
1,0,0,0,0,0,0,0,0,0,0,0,1,0,0,0,0,0,0,0,1,1,1,0.2922411616161616,0.0,0.0,0.05855610025741261
1,0,0,0,0,0,0,0,0,0,0,0,1,0,0,0,0,0,0,0,1,0,1,0.44475,0.125,0.0,0.15390495017656614
1,0,0,0,0,0,0,0,0,1,0,0,0,0,0,0,0,0,1,0,0,1,0,0.25725,0.25,0.3333333333333333,0.5121218935012878
3,0,0,0,0,0,0,0,0,0,0,0,1,0,0,0,0,0,0,0,1,0,1,0.29474999999999996,0.125,0.0,0.031425107138144774
3,0,0,0,0,0,0,0,0,0,0,0,1,0,0,0,0,0,0,0,1,1,1,0.38225,0.0,0.0,0.015468569817999833
1,1,0,0,0,0,0,0,0,0,0,0,0,0,0,0,0,0,0,0,1,0,1,0.86975,0.125,0.16666666666666666,0.13858277060920984
3,0,0,0,0,0,0,0,0,0,0,0,1,0,0,0,0,0,0,0,1,0,1,0.19475,0.125,0.16666666666666666,0.03952536767375352
2,0,0,0,0,0,0,0,0,1,0,0,0,0,0,0,0,0,0,0,1,1,0,0.36974999999999997,0.0,0.0,0.025374310111545468
1,0,0,0,0,0,0,0,0,0,0,0,1,0,0,0,0,0,0,0,1,0,1,0.23224999999999998,0.125,0.0,0.10364429745562033
3,0,0,0,0,0,0,0,0,0,0,0,1,0,0,0,0,0,0,1,0,0,1,0.38225,0.0,0.0,0.015126992566498259
2,0,0,0,0,0,0,0,0,1,0,0,0,0,0,0,0,0,0,0,1,1,0,0.04475,0.125,0.16666666666666666,0.04489301019734967
3,0,0,0,0,0,0,0,1,0,0,0,0,0,0,0,0,0,0,0,1,1,1,0.06975,0.0,0.16666666666666666,0.024349578357040744
3,0,0,0,0,0,0,0,0,0,0,0,1,0,0,0,0,0,0,0,1,0,1,0.40725,0.0,0.0,0.018542765081513996
3,0,0,0,0,0,0,0,0,0,0,0,1,0,0,0,0,0,0,0,1,0,1,0.28225,0.0,0.0,0.015411575213749284
2,0,0,0,0,0,0,0,0,0,0,0,0,1,0,0,0,0,0,0,1,1,0,0.59475,0.125,0.3333333333333333,0.12687155055772734
2,0,0,0,0,0,0,0,1,0,0,0,0,0,0,0,0,0,0,0,1,1,1,0.0031250000000000006,0.125,0.16666666666666666,0.028302115124416098
3,0,0,0,0,0,0,0,0,0,0,0,1,0,0,0,0,0,0,0,1,0,1,0.34475,0.0,0.0,0.015216388212891242
2,0,0,0,0,0,0,0,0,0,0,0,1,0,0,0,0,0,0,0,1,0,1,0.21974999999999997,0.0,0.0,0.022446505098674834
3,0,0,0,0,0,0,0,0,0,0,0,1,0,0,0,0,0,0,0,1,0,1,0.41974999999999996,0.0,0.0,0.015712553569072387
1,0,0,0,0,0,0,0,0,0,0,0,0,0,0,0,0,1,0,0,1,1,0,0.40725,0.0,0.0,0.16883675574220638
3,0,0,0,0,0,0,0,0,0,0,0,1,0,0,0,0,0,0,0,1,0,1,0.2922411616161616,0.0,0.0,0.028302115124416098
3,0,0,0,0,0,0,0,0,0,0,0,1,0,0,0,0,0,0,0,1,0,1,0.50725,0.0,0.0,0.013907073811135496
3,0,0,0,0,0,0,0,0,0,0,0,1,0,0,0,0,0,1,0,0,1,1,0.24474999999999997,0.0,0.0,0.014110458666029575
1,0,0,0,0,0,0,0,0,0,0,0,0,1,0,0,0,0,0,0,1,1,0,0.44475,0.125,0.3333333333333333,0.23422440102965045
3,0,0,0,0,0,0,0,0,0,0,0,1,0,0,0,0,0,0,0,1,0,1,0.19475,0.0,0.0,0.015175789316712771
1,0,0,0,0,0,0,0,0,0,0,0,0,1,0,0,0,0,0,0,1,1,0,0.63225,0.125,0.0,0.15216446768991498
1,0,0,0,1,0,0,0,0,0,0,0,0,0,0,0,0,0,1,0,0,0,1,0.2922411616161616,0.0,0.0,0.07729405233978466
3,0,0,0,0,0,0,0,0,1,0,0,0,0,0,0,0,0,0,1,0,0,0,0.376,0.0,0.0,0.015126992566498259
3,0,0,0,0,0,0,0,0,0,0,0,1,0,0,0,0,0,0,1,0,0,1,0.2922411616161616,0.125,0.0,0.04713766070721715
3,0,0,0,0,0,0,0,0,0,0,0,1,0,0,0,0,0,0,0,1,0,1,0.39475,0.0,0.0,0.016322512946753766
3,0,0,0,0,0,0,0,0,0,0,0,1,0,0,0,0,0,0,0,1,0,1,0.29474999999999996,0.0,0.0,0.018542765081513996
3,0,0,0,0,0,0,0,0,0,0,0,1,0,0,0,0,0,0,0,1,0,1,0.59475,0.0,0.0,0.015330377421392339
2,0,0,0,0,0,0,0,0,0,0,0,0,1,0,0,0,0,0,0,1,0,0,0.7072499999999999,0.0,0.0,0.020494635090094415
3,0,0,0,0,0,0,0,0,0,0,0,1,0,0,0,0,0,1,0,0,0,1,0.2922411616161616,0.0,0.0,0.014102260811993537
2,0,0,0,0,0,0,0,0,0,0,0,0,1,0,0,0,0,0,0,1,1,0,0.66975,0.125,0.5,0.04489301019734967
3,0,0,0,0,0,0,0,0,0,0,0,1,0,0,0,0,0,0,0,1,0,1,0.21974999999999997,0.0,0.0,0.015126992566498259
3,0,0,0,0,0,0,0,0,0,0,0,1,0,0,0,0,0,0,1,0,0,1,0.2922411616161616,0.0,0.0,0.015126992566498259
3,0,0,0,0,0,0,0,0,1,0,0,0,0,0,0,0,0,0,0,1,1,0,0.05725,0.0,0.0,0.024349578357040744
3,0,0,0,0,0,0,0,0,0,0,0,1,0,0,0,0,0,0,1,0,0,1,0.2922411616161616,0.0,0.0,0.015102594191391002
1,0,0,0,0,0,0,0,0,0,0,0,0,1,0,0,0,0,0,0,1,1,0,0.53225,0.0,0.16666666666666666,0.41250332793836464
3,0,0,0,0,0,0,0,0,1,0,0,0,0,0,0,0,0,1,0,0,1,0,0.15725,0.0,0.0,0.014110458666029575
1,0,0,0,0,0,0,0,0,0,0,0,0,1,0,0,0,0,0,0,1,1,0,0.20725,0.125,0.0,0.11125659048908397
1,0,0,0,0,0,0,0,0,0,0,0,1,0,0,0,0,0,0,0,1,0,1,0.35724999999999996,0.0,0.0,0.05855610025741261
3,0,0,0,0,0,0,0,0,0,0,0,1,0,0,0,0,0,0,0,1,0,1,0.2922411616161616,0.125,0.3333333333333333,0.04577135170121086
3,0,0,0,0,0,0,0,0,0,0,0,1,0,0,0,0,0,0,0,1,0,1,0.30724999999999997,0.0,0.0,0.013760683560491965
3,0,0,0,0,0,0,0,0,0,0,0,1,0,0,0,0,0,0,0,1,0,1,0.30724999999999997,0.0,0.0,0.014151057562208049
3,0,0,0,0,0,0,0,0,1,0,0,0,0,0,0,0,0,0,0,1,1,0,0.21974999999999997,0.0,0.0,0.014630827210317115
3,0,0,0,0,0,0,0,1,0,0,0,0,0,0,0,0,0,0,1,0,0,1,0.09475,0.5,0.16666666666666666,0.056848213999904744
3,0,0,0,0,0,0,0,1,0,0,0,0,0,0,0,0,0,0,0,1,1,1,0.007250000000000001,0.125,0.3333333333333333,0.04015972542654215
1,0,0,0,0,0,0,0,0,0,0,0,1,0,0,0,0,0,1,0,0,0,1,0.56975,0.0,0.0,0.15458810467956932
3,0,0,0,0,0,0,0,0,0,0,0,1,0,0,0,0,0,0,1,0,0,1,0.2922411616161616,0.0,0.0,0.015126992566498259
2,0,0,0,0,0,0,0,0,0,0,0,1,0,0,0,0,0,0,0,1,0,1,0.19475,0.0,0.0,0.050748620223090936
3,0,0,0,0,0,0,0,0,1,0,0,0,0,0,0,0,0,0,0,1,0,0,0.2922411616161616,1.0,0.3333333333333333,0.13575255909676823
1,0,0,0,0,0,0,0,0,0,0,0,1,0,0,0,0,0,1,0,0,0,1,0.2922411616161616,0.0,0.0,0.05991421140938287
3,0,0,0,0,0,0,0,0,0,0,0,1,0,0,0,0,0,0,0,1,0,1,0.30724999999999997,0.0,0.0,0.015411575213749284
2,0,0,0,0,0,0,0,0,0,0,0,1,0,0,0,0,0,0,0,1,0,1,0.48224999999999996,0.0,0.0,0.025374310111545468
1,0,0,0,1,0,0,0,0,0,0,0,0,0,0,0,0,0,0,0,1,1,0,0.60725,0.0,0.0,0.050610427826483444
3,0,0,0,0,0,0,0,0,0,0,0,0,1,0,0,0,0,0,0,1,1,0,0.38225,0.0,0.0,0.016948672845506364
3,0,0,0,0,0,0,0,0,0,0,0,1,0,0,0,0,0,1,0,0,0,1,0.36974999999999997,0.0,0.0,0.014110458666029575
3,0,0,0,0,0,0,0,0,0,0,0,0,1,0,0,0,0,0,0,1,0,0,0.36974999999999997,0.125,0.16666666666666666,0.04713766070721715
2,0,0,0,0,0,0,0,0,0,0,0,1,0,0,0,0,0,0,0,1,0,1,0.41974999999999996,0.0,0.0,0.025374310111545468
2,0,0,0,0,0,0,0,0,0,0,0,0,1,0,0,0,0,0,0,1,1,0,0.38225,0.125,0.16666666666666666,0.05123658772523604
1,0,0,0,0,0,0,0,1,0,0,0,0,0,0,0,0,0,0,0,1,1,1,0.13225,0.125,0.3333333333333333,0.23422440102965045
3,0,0,0,0,0,0,0,1,0,0,0,0,0,0,0,0,0,1,0,0,1,1,0.0,0.0,0.16666666666666666,0.016623491302076868
3,0,0,0,0,0,0,0,0,0,0,0,1,0,0,0,0,0,0,0,1,1,1,0.33225,0.0,0.0,0.013614293309848433
3,0,0,0,0,0,0,0,0,0,0,0,1,0,0,0,0,0,0,0,1,0,1,0.38225,0.0,0.0,0.015175789316712771
1,0,0,0,0,0,0,0,0,0,0,0,1,0,0,0,0,0,0,0,1,0,1,0.48224999999999996,0.0,0.0,0.0
3,0,0,0,0,0,0,0,0,1,0,0,0,0,0,0,0,0,0,0,1,0,0,0.21974999999999997,0.0,0.0,0.015175789316712771
2,0,0,0,0,0,0,0,0,0,0,0,1,0,0,0,0,0,0,0,1,0,1,0.48224999999999996,0.0,0.0,0.025374310111545468
1,0,0,0,0,0,0,0,0,0,0,0,0,1,0,0,0,0,0,0,1,1,0,0.40725,0.125,0.0,0.10364429745562033
3,0,0,0,0,0,0,0,0,0,0,0,1,0,0,0,0,0,0,0,1,0,1,0.31975,0.0,0.0,0.015395374692678068
3,0,0,0,0,0,0,0,0,0,0,0,1,0,0,0,0,0,0,0,1,0,1,0.48224999999999996,0.0,0.0,0.04713766070721715
2,0,0,0,0,0,0,0,0,0,0,0,1,0,0,0,0,0,0,0,1,0,1,0.43224999999999997,0.0,0.0,0.020494635090094415
3,0,0,0,0,0,0,0,0,1,0,0,0,0,0,0,0,0,0,0,1,0,0,0.06975,0.5,0.3333333333333333,0.06104473451835265
3,0,0,0,0,0,0,0,0,0,0,0,1,0,0,0,0,0,0,0,1,0,1,0.376,0.0,0.0,0.015712553569072387
1,0,0,0,0,0,0,0,0,0,0,0,1,0,0,0,0,0,0,0,1,0,1,0.2922411616161616,0.0,0.0,0.0
3,0,0,0,0,0,0,0,0,1,0,0,0,0,0,0,0,0,0,0,1,0,0,0.28225,0.0,0.0,0.015468569817999833
2,0,0,0,0,0,0,0,0,0,0,0,1,0,0,0,0,0,1,0,0,0,1,0.38225,0.125,0.16666666666666666,0.07222738817151159
3,0,0,0,0,0,0,0,0,0,0,0,1,0,0,0,0,0,0,0,1,0,1,0.53225,0.0,0.0,0.012589561555343713
3,0,0,0,0,0,0,0,1,0,0,0,0,0,0,0,0,0,0,0,1,0,1,0.11975,0.375,0.3333333333333333,0.05445717323939373
1,0,0,0,0,0,0,0,0,0,0,0,0,1,0,0,0,0,0,0,1,1,0,0.6447499999999999,0.125,0.16666666666666666,0.18249984580226933
3,0,0,0,0,0,0,0,0,0,0,0,1,0,0,0,0,0,0,0,1,1,1,0.33225,0.0,0.0,0.016908073949327893
1,0,0,0,0,1,0,0,0,0,0,0,0,0,0,0,0,0,0,0,1,0,1,0.46975,0.0,0.0,0.0
3,0,0,0,0,0,0,0,0,0,0,0,0,1,0,0,0,0,0,0,1,1,0,0.33225,0.0,0.16666666666666666,0.024349578357040744
3,0,0,0,0,0,0,0,1,0,0,0,0,0,0,0,0,0,0,0,1,0,1,0.01975,0.5,0.16666666666666666,0.07746484096553544
3,0,0,0,0,0,0,0,0,0,0,0,1,0,0,0,0,0,0,1,0,0,1,0.2922411616161616,0.0,0.0,0.013565496559633922
3,0,0,0,0,0,0,0,0,0,0,0,1,0,0,0,0,0,0,0,1,0,1,0.2922411616161616,0.0,0.0,0.11027245763075773
2,0,0,0,0,0,0,0,1,0,0,0,0,0,0,0,0,0,1,0,0,1,1,0.007250000000000001,0.0,0.3333333333333333,0.07222738817151159
3,0,0,0,0,0,0,0,0,0,0,0,1,0,0,0,0,0,0,1,0,1,1,0.2922411616161616,0.0,0.0,0.015126992566498259
1,0,0,0,0,0,0,0,0,0,0,0,0,1,0,0,0,0,1,0,0,1,0,0.7697499999999999,0.0,0.0,0.15614960068643363
3,0,0,0,0,0,0,0,0,0,0,0,0,1,0,0,0,0,1,0,0,1,0,0.18225,0.125,0.0,0.028212719478023115
2,0,0,0,0,0,0,0,1,0,0,0,0,0,0,0,0,0,0,0,1,1,1,0.005124999999999999,0.125,0.16666666666666666,0.03659756266088288
3,0,0,0,0,0,0,0,0,0,0,0,1,0,0,0,0,0,1,0,0,0,1,0.2922411616161616,0.0,0.0,0.014110458666029575
3,0,0,0,0,0,0,0,0,0,0,0,1,0,0,0,0,0,0,0,1,0,1,0.28225,0.0,0.0,0.015330377421392339
3,0,0,0,0,0,0,0,0,0,0,0,1,0,0,0,0,0,0,0,1,0,1,0.21974999999999997,0.0,0.0,0.016200521071217493
1,0,0,0,0,0,0,0,0,1,0,0,0,0,0,0,0,0,1,0,0,1,0,0.48224999999999996,0.125,0.16666666666666666,0.16231419173453318
3,0,0,0,0,0,0,0,0,0,0,0,1,0,0,0,0,0,0,0,1,0,1,0.25725,0.0,0.0,0.016908073949327893
3,0,0,0,0,0,0,0,0,0,0,0,1,0,0,0,0,0,0,0,1,0,1,0.2922411616161616,0.0,0.0,0.015712553569072387
3,0,0,0,0,0,0,0,0,0,0,0,1,0,0,0,0,0,0,0,1,1,1,0.39475,0.0,0.0,0.11027245763075773
1,0,0,0,0,0,0,0,0,0,0,0,1,0,0,0,0,0,1,0,0,1,1,0.2922411616161616,0.0,0.0,0.057970539254838485
3,0,0,0,0,0,0,0,0,0,0,0,1,0,0,0,0,0,0,0,1,0,1,0.24474999999999997,0.0,0.0,0.015468569817999833
2,0,0,0,0,0,0,0,0,0,0,0,1,0,0,0,0,0,0,0,1,0,1,0.19475,0.0,0.0,0.020494635090094415
1,0,0,0,0,0,0,0,0,1,0,0,0,0,0,0,0,0,1,0,0,1,0,0.36974999999999997,0.0,0.0,0.060507970265993034
3,0,0,0,0,0,0,0,0,0,0,0,1,0,0,0,0,0,1,0,0,0,1,0.426,0.0,0.0,0.012565163180236457
3,0,0,0,0,0,0,0,0,0,0,0,1,0,0,0,0,0,0,0,1,0,1,0.20725,0.0,0.0,0.016908073949327893
3,0,0,0,0,0,0,0,0,0,0,0,1,0,0,0,0,0,0,0,1,0,1,0.5197499999999999,0.0,0.0,0.014736618564782174
3,0,0,0,0,0,0,0,0,0,0,0,1,0,0,0,0,0,0,0,1,0,1,0.2922411616161616,1.0,0.3333333333333333,0.13575255909676823
3,0,0,0,0,0,0,0,0,0,0,0,1,0,0,0,0,0,1,0,0,0,1,0.43224999999999997,0.0,0.0,0.015411575213749284
2,0,0,0,0,0,0,0,0,0,0,0,0,0,0,1,0,0,0,0,1,0,1,0.34475,0.0,0.16666666666666666,0.06441171028315387
1,0,0,0,0,0,0,0,0,0,0,0,0,1,0,0,0,0,1,0,0,1,0,0.2922411616161616,0.125,0.0,0.17391981561855152
3,0,0,0,0,0,0,0,1,0,0,0,0,0,0,0,0,0,0,0,1,0,1,0.04475,0.5,0.3333333333333333,0.06104473451835265
3,0,0,0,0,0,0,0,0,0,0,0,1,0,0,0,0,0,0,0,1,0,1,0.91975,0.0,0.0,0.015175789316712771
3,0,0,0,0,0,0,0,0,1,0,0,0,0,0,0,0,0,1,0,0,0,0,0.10725,0.125,0.16666666666666666,0.029757819776815374
1,0,0,0,0,0,0,0,0,1,0,0,0,0,0,0,0,0,0,0,1,1,0,0.19475,0.0,0.16666666666666666,0.07690367833806856
2,0,0,0,0,0,0,0,0,0,0,0,0,1,0,0,0,0,0,0,1,0,0,0.54475,0.125,0.0,0.050748620223090936
3,0,0,0,0,0,0,0,0,0,0,0,0,1,0,0,0,0,0,0,1,1,0,0.21974999999999997,0.0,0.16666666666666666,0.01824998458022693
1,0,0,0,0,0,0,0,0,0,0,0,0,1,0,0,0,0,0,0,1,1,0,0.55725,0.125,0.16666666666666666,0.32179836714362564
1,0,0,0,0,0,0,0,0,0,0,0,1,0,0,0,0,0,0,0,1,1,1,0.63225,0.0,0.0,0.051822148727810165
3,0,0,0,0,0,0,0,0,0,0,0,0,1,0,0,0,0,1,0,0,1,0,0.29474999999999996,0.0,0.5,0.03758969818624431
3,0,0,0,0,0,0,0,0,0,0,0,1,0,0,0,0,0,1,0,0,0,1,0.2922411616161616,0.0,0.0,0.014110458666029575
3,0,0,0,0,0,0,0,0,0,0,0,1,0,0,0,0,0,0,0,1,0,1,0.50725,0.25,0.0,0.027537567642055148
2,0,0,0,0,0,0,0,0,0,0,0,1,0,0,0,0,0,0,0,1,0,1,0.25725,0.125,0.0,0.022446505098674834
1,0,0,0,0,0,0,0,0,0,0,0,0,1,0,0,0,0,0,0,1,1,0,0.59475,0.0,0.0,0.050610427826483444
3,0,0,0,0,0,0,0,0,1,0,0,0,0,0,0,0,0,0,0,1,0,0,0.2922411616161616,1.0,0.3333333333333333,0.13575255909676823
2,0,0,0,0,0,0,0,0,0,0,0,1,0,0,0,0,0,0,0,1,0,1,0.29474999999999996,0.0,0.0,0.025374310111545468
2,0,0,0,0,0,0,0,0,0,0,0,0,1,0,0,0,0,0,0,1,1,0,0.5197499999999999,0.0,0.0,0.025374310111545468
2,0,0,0,0,0,0,0,0,1,0,0,0,0,0,0,0,0,1,0,0,1,0,0.33225,0.125,0.0,0.027049600139910042
1,0,0,0,0,0,0,0,0,0,0,0,1,0,0,0,0,0,0,0,1,0,1,0.38225,0.0,0.0,0.09856123757927521
3,0,0,0,0,0,0,0,0,0,0,0,1,0,0,0,0,0,0,0,1,0,1,0.2922411616161616,0.0,0.0,0.018542765081513996
3,0,0,0,0,0,0,0,1,0,0,0,0,0,0,0,0,0,0,0,1,1,1,0.04475,0.125,0.16666666666666666,0.021730754366528396
3,0,0,0,0,0,0,0,0,0,0,0,1,0,0,0,0,0,0,0,1,0,1,0.31975,0.0,0.0,0.015411575213749284
1,0,0,0,0,0,0,0,0,0,0,0,0,1,0,0,0,0,0,0,1,1,0,0.5822499999999999,0.125,0.16666666666666666,0.10257896680493714
1,0,0,0,0,0,0,0,0,0,0,0,1,0,0,0,0,0,0,0,1,0,1,0.40725,0.0,0.0,0.009759350042902102
3,0,0,0,0,0,0,0,0,0,0,0,1,0,0,0,0,0,0,0,1,0,1,0.5822499999999999,0.0,0.0,0.017566830077223785
2,0,0,0,0,0,0,0,0,0,0,0,0,1,0,0,0,0,1,0,0,1,0,0.34475,0.125,0.0,0.04684488020593009
3,0,0,0,0,0,0,0,0,1,0,0,0,0,0,0,0,0,1,0,0,1,0,0.18225,0.0,0.0,0.014102260811993537
3,0,0,0,0,0,0,0,0,0,0,0,1,0,0,0,0,0,0,0,1,0,1,0.24474999999999997,0.0,0.0,0.019217721730481106
3,0,0,0,0,0,0,0,0,0,0,0,1,0,0,0,0,0,0,0,1,0,1,0.23224999999999998,0.0,0.0,0.015411575213749284
3,0,0,0,0,0,0,0,0,0,0,0,1,0,0,0,0,0,0,0,1,0,1,0.2922411616161616,0.0,0.0,0.015411575213749284
1,0,0,0,0,0,0,0,0,0,0,0,0,1,0,0,0,0,1,0,0,1,0,0.69475,0.0,0.16666666666666666,0.16231419173453318
2,0,0,0,0,0,0,0,0,0,0,0,0,1,0,0,0,0,0,0,1,1,0,0.30724999999999997,0.0,0.16666666666666666,0.050748620223090936
3,0,0,0,0,0,0,0,0,0,0,0,1,0,0,0,0,0,0,0,1,0,1,0.40725,0.0,0.0,0.015411575213749284
3,0,0,0,0,0,0,0,0,1,0,0,0,0,0,0,0,0,0,0,1,0,0,0.26975,0.0,0.0,0.02052723131923771
2,0,0,0,0,0,0,0,0,0,0,0,1,0,0,0,0,0,0,0,1,0,1,0.34475,0.0,0.0,0.020494635090094415
3,0,0,0,0,0,0,0,0,0,0,0,1,0,0,0,0,0,0,0,1,0,1,0.30724999999999997,0.0,0.0,0.013760683560491965
3,0,0,0,0,0,0,0,0,0,0,0,0,1,0,0,0,0,0,1,0,0,0,0.48224999999999996,0.0,0.8333333333333334,0.056848213999904744
2,0,0,0,0,0,0,0,0,0,0,0,0,0,0,1,0,0,0,0,1,0,1,0.33225,0.0,0.0,0.025374310111545468
1,0,0,0,0,0,0,0,0,1,0,0,0,0,0,0,0,0,0,0,1,1,0,0.23224999999999998,0.0,0.0,0.05855610025741261
3,0,0,0,0,0,0,0,0,1,0,0,0,0,0,0,0,0,0,0,1,0,0,0.2922411616161616,0.125,0.3333333333333333,0.04577135170121086
1,0,0,0,0,0,0,0,0,0,0,0,1,0,0,0,0,0,1,0,0,1,1,0.31975,0.0,0.0,0.05855610025741261
3,0,0,0,0,0,0,0,0,0,0,0,1,0,0,0,0,0,0,1,0,0,1,0.39475,0.0,0.0,0.015126992566498259
